"reference_no","record_type","publication_type","reftitle","pubyr","author1init","author1last","author2init","author2last","otherauthors","editors","refabbr","pubtitle","pubabbr","r_journal","r_booktitle","r_school","publisher","pubcity","pubvol","pubno","firstpage","lastpage","language","doi","ref_type"
80950,"ref","journal article","Leaf impressions of Terminalia (Combretaceae) and Daphnogene (Lauraceae) from the Middle Siwalik of the Chatara-Barahakshetra area, eastern Nepal",2018,"P.","Adhikari","G.","Srivastava","R. C. Mehrotra, D. Adhikari, K. Shrestha, D. Uhl, K. N. Paudayal","",NA,"Bulletin of the Department of Geology, Tribhuvan University",NA,NA,NA,NA,NA,NA,"20-21","","21","28","English","10.3126/bdg.v20i0.20719","class"
85198,"ref","journal article","Leroyi: A new Tethyan lagenid benthic foraminiferal genus",2020,"H. S.","Anan","","","","",NA,"Earth Sciences Pakistan",NA,NA,NA,NA,NA,NA,"4","2","60","64","English","10.26480/esp.02.2020.60.64","auth,class"
55420,"ref","Ph.D. thesis","Paleoenvironmental reconstruction based on palynological and palynofacies analyses of the Aptian-Albian succession in the Sergipe Basin, northeastern Brazil",2001,"M.","Araujo Carvalho","","","","",NA,"",NA,NA,NA,NA,NA,NA,"","","","","English","","auth,class"
29190,"ref","book/book chapter","Proterozoic and earliest Cambrian skeletal metazoans",1992,"S.","Bengtson","","","","J.W. Schopf, C. Klein",NA,"The Proterozoic Biosphere: A Multidisciplinary Study",NA,NA,NA,NA,NA,NA,"","","1017","1034","English","","auth"
19002,"ref","book/book chapter","Photo-atlas of living Dasycladales",2006,"S.","Berger","","","","",NA,"Carnets de Geologie, e-book",NA,NA,NA,NA,NA,NA,"2","","1","348","English","","class"
55216,"ref","book chapter","The Oligo-Miocene coal floras of southeastern Australia",1994,"D. T.","Blackburn","I. R. K.","Sluiter","","R. S. Hill",NA,"History of the Australian Vegetation: Cretaceous to Recent",NA,NA,NA,NA,NA,NA,"","","328","367","English","","auth,class"
15344,"ref","abstract","Reefal buildups by dasycladacean algae in the Tithonian of Languedoc (France)",1995,"Y.","Bodeur","","","","",NA,"Coral Reefs in the Past Present and Future. Publ. Serv. Geol. Luxembourg",NA,NA,NA,NA,NA,NA,"29","","67","72","English","","auth"
13960,"ref","book/book chapter","Calcareous Nannofossil Biostratigraphy",1998,"P. R.","Bown","","","","",NA,"Calcareous Nannofossil Biostratigraphy, Kluwer Academic",NA,NA,NA,NA,NA,NA,"","","1","315","English","","auth,class"
55171,"ref","book/book chapter","Aspectos Paleoecológicos y Paleoambientales del Bosque Petrificado Ameghino (Daniano), Chubut, Argentina",2007,"M.","Brea","S. D.","Matheos","M. S. Raigemborn, A. Iglesias, A. F. Zucol, M. Prámparo","E. Díaz-Martínez & I. Rábano",NA,"4th European Meeting on the Palaeontology and Stratigraphy of Latin America. Cuadernos del Museo Geominero",NA,NA,NA,NA,NA,NA,"8","","45","50","Spanish","ISBN 978-84-7840-707-1","auth"
69092,"ref","journal article","Lower Jurassic beds with bivalves in south Slovenia (Spodnjejurske plasti s školjkami v južni Sloveniji)",1994,"S.","Buser","I.","Debeljak","","",NA,"Geologija (Ljubljana)",NA,NA,NA,NA,NA,NA,"37","","23","62","English","10.5474/geologija.1995.001","class"
82875,"ref","journal article","Bangiomorpha pubescens n. gen., n. sp.: implications for the evolution of sex, multicellularity, and the Mesoproterozoic/Neoproterozoic radiation of eukaryotes",2000,"N. J.","Butterfield","","","","",NA,"Paleobiology",NA,NA,NA,NA,NA,NA,"26","","386","404","English","10.1666/0094-8373(2000)026<0386:BPNGNS>2.0.CO;2","auth,class"
47703,"ref","serial monograph","Paleobiology of the Neoproterozoic Svanbergfjellet Formation, Spitsbergen",1994,"N. J.","Butterfield","A. H.","Knoll","K. Swett","",NA,"Fossils & Strata",NA,NA,NA,NA,NA,NA,"","34","","","English","","class"
86131,"ref","M.S. thesis","Sistemática y paleoecología de Foraminifera (Protista) y Ostracoda (Crustacea) del Cretácico Superior-Paleoceno de Argentina en ambientes marino transicionales y continentales",2012,"A. P.","Carignano","","","","",NA,"",NA,NA,NA,NA,NA,NA,"","","1","260","Spanish","","auth,class"
32270,"ref","serial monograph","Biochronology and paleontology of uppermost Triassic (Rhaetian) radiolarians, Queen Charlotte Islands, British Columbia, Canada",1993,"E.","Carter","","","","",NA,"Memoires de Geologie",NA,NA,NA,NA,NA,NA,"11","","1","175","English","","auth,class"
8989,"ref","serial monograph","Biochronology and paleontology of Lower Jurassic (Hettangian and Sinemurian) radiolarians, Queen Charlotte Islands, British Columbia",1998,"E. S.","Carter","P. A.","Whalen","J. Guex","",NA,"Geological Survey of Canada Bulletin",NA,NA,NA,NA,NA,NA,"","496","1","162","English","","auth,class"
75360,"ref","book chapter","Membrane heredity, symbiogenesis, and the multiple origins of algae",1995,"T.","Cavalier-Smith","","","","R. Arai, M. Kato, Y. Doi",NA,"Biodiversity and evolution",NA,NA,NA,NA,NA,NA,"","","75","114","English","","class"
83865,"ref","serial monograph","A Catalogue of Fossil Plants from India Part 2: Palaeozoic and Mesozoic Megafossils",1991,"S.","Chandra","R.","Tewari","","",NA,"",NA,NA,NA,NA,NA,NA,"","","1","81","English","","auth,class"
83577,"ref","serial monograph","A Catalogue of Fossil Plants from India Part 6: Cenozoic (Quaternary) Palynology and Palaeobotany",1991,"M. S.","Chauhan","","","","",NA,"",NA,NA,NA,NA,NA,NA,"","","1","50","English","","auth,class"
54802,"ref","book chapter","The early Tertiary macrofloras of continental Australia",1994,"D. C.","Christophel","","","","",NA,"History of the Australian Vegetation. Cretaceous to Recent",NA,NA,NA,NA,NA,NA,"","","","","English","","auth"
45274,"ref","serial monograph","Fossil Fruits and Seeds of the Middle Eocene Messel biota, Germany",2012,"M. E.","Collinson","S. R.","Manchester","V. Wilde","",NA,"Abhandlungen der Senckenbergischen Gesellschaft Naturforschenden",NA,NA,NA,NA,NA,NA,"570","","1","249","English","","auth,class"
3977,"ref","","Geologie, Paläontologie und Palökologie der südostbayerischen unter-priabonen (Ober-Eozän) Riffkalkvorkommen bei Hallthurm (Nördliche Kalkalpen) und der Kirchbergs bei Neubeuern (Helvetikum)",1992,"R.","Darga","","","","",NA,"Münchner Geowissenschaftliche Abhandlungen",NA,NA,NA,NA,NA,NA,"A23","","1","166","German","","auth"
13736,"ref","book/book chapter","Radiolarians in the sedimentary record",2001,"P.","De Wever","P.","Dumitrica","J.P. Caulet, C. Nigrini, M. Caridroit","",NA,"London (Gordon & Breach Sc)",NA,NA,NA,NA,NA,NA,"","","1","533","English","","auth,class"
55498,"ref","book","Cretaceous (Albian–?early Santonian) palynology and stratigraphy of the Abu Tunis 1x borehole,northern Western Desert, Egypt",2014,"A. S.","Deaf","I. C.","Harding","J. E. A. Marshall","",NA,"Palynology",NA,NA,NA,NA,NA,NA,"38","1","51","77","English","","auth,class"
39404,"ref","book/book chapter","Taxonomy and biogeography of seagrasses",2006,"C.","den Hartog","J.","Kuo","","A. W. D. Larkum, R. J. Orth, C. M. Duarte",NA,"Seagrasses: Biology, Ecology and Conservation",NA,NA,NA,NA,NA,NA,"","","1","23","English","","class"
49972,"ref","book","Im Reich der Meerengel. Der Nusplinger Plattenkalk und seine Fossilien",2011,"G.","Dietl","G.","Schweigert","","",NA,"",NA,NA,NA,NA,NA,NA,"","","","","German","","auth,class"
27506,"ref","book/book chapter","Fossil plants from the Union Chapel Mine, Alabama",2005,"D. L.","Dilcher","T. A.","Lott","B. J. Axsmith","",NA,"Alabama Paleontological Society Monograph",NA,NA,NA,NA,NA,NA,"1","","153","168","English","","auth,class"
71506,"ref","serial monograph","Keuper (Triassic) Flora from Middle Asia (Madygen, Southern Fergana)",1995,"I. A.","Dobruskina","","","","",NA,"Bulletin of the New Mexico Museum of Natural History & Science",NA,NA,NA,NA,NA,NA,"5","","1","49","English","","auth,class"
45836,"ref","book","Prosyllabus Tracheophytorum. Tentamen Systematis Plantarum Vascularium",2001,"A. B.","Doweld","","","","",NA,"",NA,NA,NA,NA,NA,NA,"","","","","English","","class"
43447,"ref","book/book chapter","New data on Xenotheca devonica Arber and Goode, an enigmatic early seed plant cupule with preovules",1999,"J.","Hilton","D.","Edwards","","M. H. Kurmann and A.R. Hemsley (editors)",NA,"The Evolution of Plant Architecture",NA,NA,NA,NA,NA,NA,"","","75","90","English","","auth,class"
72992,"ref","journal article","Planktic foraminiferal species turnover across deep-sea Aptian/Albian boundary sections",2011,"B. T.","Huber","R. M.","Leckie","","",NA,"Journal of Foraminiferal Research ",NA,NA,NA,NA,NA,NA,"41","1","53","95","English","10.2113/gsjfr.41.1.53","auth,class"
80805,"ref","journal article","Pleistocene fossil leaflets of Albizia kalkora (Roxb.) Prain (Leguminosae subfamily Mimosoideae) from central Honshu, Japan, and its implications for historical biogeography",2017,"A.","Ito","A.","Momohara","Z. K. Zhou","",NA,"Japanese Journal of Historical Botany",NA,NA,NA,NA,NA,NA,"26","1","3","13","English","10.34596/hisbot.26.1_3","auth,class"
3614,"ref","journal article","Middle Eocene terrestrial palynomorphs from the Dolime minerals and Gulf Hammock Quarries, Florida, U.S.A.",2006,"D. M.","Jarzen","D. L.","Dilcher","","",NA,"Palynology",NA,NA,NA,NA,NA,NA,"30","1","89","110","English","10.2113/gspalynol.30.1.89","auth"
74170,"ref","book chapter","Carbonate buildup in the Lakadong Formation of the South Shillong Plateau, NE India: A micropaleontological perspective ",1994,"A. K.","Jauhri","","","","R. Matteucci",NA,"Studies on ecology and paleoecology of benthic communities",NA,NA,NA,NA,NA,NA,"2","","157","169","English","","class"
34827,"ref","unpublished","Unpublished taxonomic opinions",2011,"N. A.","Jud","","","","",NA,"",NA,NA,NA,NA,NA,NA,"","","","","English","","auth,class"
215,"ref","","Upper Cretaceous macrofossils from the Duwi Formation of the Nile Valley, southern Egypt",1996,"A. S.","Kassab","A. S.","Mohamed","","",NA,"Neues Jahrbuch fuer Geologie und Palaeontologie-Abhandlungen",NA,NA,NA,NA,NA,NA,"200","3","259","284","","","auth,class"
9410,"ref","book/book chapter","",1997,"P.","Kenrick","P.R.","Crane","","",NA,"The Origin and Early Diversification of Land Plants: a Cladistic Study",NA,NA,NA,NA,NA,NA,"","","","","","","auth"
800,"ref","","Late Jurassic radiolarians from the Antarctic Peninsula",1999,"W.","Kiessling","","","","",NA,"Micropaleontology",NA,NA,NA,NA,NA,NA,"45","S1","1","96","","","auth"
9159,"ref","unpublished","Personal data",2003,"W.","Kiessling","","","","",NA,"",NA,NA,NA,NA,NA,NA,"","","","","English","","auth,class"
9940,"ref","unpublished","Ecology opinions",2004,"W.","Kiessling","","","","",NA,"",NA,NA,NA,NA,NA,NA,"","","","","","","auth,class"
12583,"ref","Ph.D. thesis","Palökologische Verwertbarkeit oberjurassisch-unterkretazischer Radiolarienfaunen mit Beispielen aus Antarktis, Oman und Südalpen",1995,"W.","Kiessling","","","","",NA,"Unpublished Ph.D. University of Erlangen, Germany",NA,NA,NA,NA,NA,NA,"","","1","465","German","","auth,class"
12820,"ref","unpublished","Unpublished radiolarian data and taxonomic expertise",2005,"W.","Kiessling","","","","",NA,"",NA,NA,NA,NA,NA,NA,"","","","","German","","auth,class"
18334,"ref","unpublished","Compendium of calcimicrobes",2006,"W.","Kiessling","","","","",NA,"",NA,NA,NA,NA,NA,NA,"","","","","English","","auth,class"
30388,"ref","unpublished","Taxonomic vetting of messy data in the Paleobiology Database",2009,"W.","Kiessling","","","","",NA,"",NA,NA,NA,NA,NA,NA,"","","","","English","","auth,class"
31651,"ref","M.S. thesis","A vertebrate fauna from the Upper Triassic Owl Rock Member of the Chinle Formation in Northern Arizona, Northern Arizona University",1991,"R. E.","Kirby","","","","",NA,"",NA,NA,NA,NA,NA,NA,"","","1","476","English","","auth"
13990,"ref","book/book chapter","Upper Cretaceous calcareous nannofossil biostratigraphy, OPD 198 (Skatsky Rise, Northwest Pacific).",2005,"J. A.","Lees","P. R.","Bown","","",NA,"in T. J. Bralower, I. Premoli Silva and M. J. Malone, eds., Proceedings of the Ocean Drilling Program, Scientific Results, 198 [Online].",NA,NA,NA,NA,NA,NA,"198","","","","English","","class"
42175,"ref","serial monograph","Fusulinids, in Perm' Darvaz-Zaalayskoy zony Pamira: fusulinidy, ammonoidei, stratigrafiya",1992,"E. J.","Leven","","","","",NA,"Rossiyskaya Akademiya Nauk, Trudy Paleontologicheskogo Instituta",NA,NA,NA,NA,NA,NA,"253","","64","109","Russian","","auth,class"
8820,"ref","book/book chapter","The Plant-Book, 2nd ed.",2000,"D.J.","Mabberley","","","","",NA,"Cambridge University Press, Cambridge, UK, 858 p.",NA,NA,NA,NA,NA,NA,"","","","","","","auth,class"
55229,"ref","journal article","Miocene Astelia (Asparagales: Asteliaceae) macrofossils from southern New Zealand",2011,"E.","Maciunas","J. G.","Conran","J. M. Bannister, R. Paull, D. E. Lee","CSiRO",NA,"Australian Systematic Botany",NA,NA,NA,NA,NA,NA,"","24","19","31","English","1030-1887/11/010019","auth,class"
83118,"ref","journal article","Cruciptera, a new Juglandaceous winged fruit from the Eocene and Oligocene of western North America",1991,"S. R.","Manchester","","","","",NA,"Systematic Botany",NA,NA,NA,NA,NA,NA,"16","4","715","725","English","10.2307/2418873","class"
78197,"ref","book","The diatoms: biology and morphology of the genera",1990,"D.G.","Mann","F.E.","Round","R.M. Crawford","",NA,"",NA,NA,NA,NA,NA,NA,"","","","","English","","auth,class"
42215,"ref","unpublished","Benthic foraminifers of saint Félix (le Gosier, Guadeloupe)",2012,"J.-P.","Margerel","","","","",NA,"",NA,NA,NA,NA,NA,NA,"","","","","English","","auth,class"
78726,"ref","book","Taxonomic revision of the Neogene marine palynomorphs Cyclopsiella granosa (Matsuoka) and Batiacasphaera minuta (Matsuoka) and a new species of Pyxidinopsis Habib (Dinophyceae) from the Miocene of the Labrador Sea",1992,"K.","Matsuoka","M.","Head","","M. Head, J. Wrenn",NA,"Neogene and Quaternary Dinoflagellate cysts and Acritarchs ",NA,NA,NA,NA,NA,NA,"","","165","180","English","","class"
8995,"ref","serial monograph","Flora of the Ravenscrag Formation (Paleocene), Southwestern Saskatchewan, Canada",1993,"E. E.","McIver","J. F.","Basinger","","",NA,"Palaeontographica Canadiana",NA,NA,NA,NA,NA,NA,"10","","1","85","","","auth,class"
85994,"ref","M.S. thesis","Foraminíferos paleocenos del pozo YPF-CH-LCOL-ES-1 (Las Coloradas), Cuenca de Cañadón Asfalto: sistemática y aspectos paleoecológicos",2022,"A.","Missotti","","","","",NA,"",NA,NA,NA,NA,NA,NA,"","","1","101","Spanish","","auth,class"
67364,"ref","book","Type and reference sections of the Middle and Upper Permian of the Volga and Kama River Regions: A Field Guidebook of XVIII International Congress on Carboniferous and Permian",2015,"D. K.","Nurgaliev","V. V.","Silantiev","S. V. Nikolaeva","",NA,"",NA,NA,NA,NA,NA,NA,"","","1","208","English","","auth,class"
53391,"ref","journal article","Palynostratigraphy and Age of the Sequence Penetrated by the Kolmani River 1 Well in the Gongola Basin, Northern Benue Trough, Nigeria",2013,"C. N.","Nwojiji","P.","Osterloff","A. Okoro, P. O. Ukeri","",NA,"Journal of Geosciences and Geomatics",NA,NA,NA,NA,NA,NA,"1","1","15","21","English","10.12691/jgg-1-1-3","auth,class"
67517,"ref","book chapter","Taxonomy, biostratigraphy, and phylogeny of Eocene Turborotalia",2006,"P.","Pearson","V.","Premec-Fucek","I. Premoli Silva","",NA,"Atlas of Eocene planktonic foraminifera. Cushman Foundation Special Publication",NA,NA,NA,NA,NA,NA,"41","","433","460","English","","class"
48096,"ref","Ph.D. thesis","Palinología del entorno cretácico/paleógeno del SO de la provincia de Santa Cruz: significado estratigráfico y paleoambiental",2010,"L. K.","Povilauskas","","","","",NA,"Universidad Nacional de La Plata. Facultad de Ciencias Naturales y Museo de La Plata",NA,NA,NA,NA,NA,NA,"","","391","","Spanish","","auth,class"
81044,"ref","journal article","Mississippian-like rugose corals from a Bashkirian biostrome in the Tindouf Basin, S. Morocco",2013,"S.","Rodriguez","I. D.","Somerville","I. Said, P. Cozar","",NA,"Spanish Journal of Palaeontology",NA,NA,NA,NA,NA,NA,"28","2","253","282","English","10.7203/sjp.28.2.17858","auth,class"
73842,"ref","book","The diatoms biology and morphology of the genera",1990,"F. E.","Round","R. M.","Crawford","D. G. Mann","",NA,"",NA,NA,NA,NA,NA,NA,"","","","","English","","class"
55830,"ref","journal article","A higher level classification of all living organisms",2015,"M. A.","Ruggiero","D. P.","Gordon","T. M. Orrell, N. Bailly, T. Bourgoin, R. C. Brusca, T. Cavalier-Smith, M. D. guiry, P. M. Kirk","",NA,"PLoS One",NA,NA,NA,NA,NA,NA,"10","4","e0119248","","English","10.1371/journal. pone.0119248","class"
19727,"ref","serial monograph","Primera evidencia de un área de alimentación de dinosaurios herbívoros en el Cretácico Inferior de España (Teruel) [First evidence of a feeding area of herbivorous dinosaurs in the Lower Cretaceous of Spain (Teruel)]",1997,"J. I.","Ruiz-Omeñaca","J. I.","Canudo","G. Cuenca-Bescós","",NA,"Monografias de la Academia de Ciencias Exactas, Fisicas, Quimicas y Naturales de Zaragoza",NA,NA,NA,NA,NA,NA,"10","","1","48","Spanish","","auth,class"
88435,"ref","journal article","Palynoflora from the La Anita Formation (Maastrichtian), Austral-Magallanes Basin, Argentina",2020,"P. E.","Santamarina","V. D.","Barreda","D. Moyano Paz, C. Tettamanti, A. Iglesias, D. G. Poiré, A. N. Varela","",NA,"Revista del Museo Argentino de Ciencias Naturales",NA,NA,NA,NA,NA,NA,"22","1","47","56","English","http://dx.doi.org/10.22179/REVMACN.22.664","class"
66908,"ref","journal article","The temnospondyl Parotosuchus nasutus (v. Meyer, 1858) from the Early Triassic Middle Buntsandstein of Germany",2018,"R. R.","Schoch","","","","",NA,"Palaeodiversity",NA,NA,NA,NA,NA,NA,"11","","107","126","English","10.18476/pale.11.a6","auth,class"
6930,"ref","serial monograph","A compendium of fossil marine animal genera",2002,"J. J., Jr.","Sepkoski","","","","",NA,"Bulletins of American Paleontology",NA,NA,NA,NA,NA,NA,"363","","1","560","English","","auth,class"
322,"ref","","Paleontology of the Eocene Bateque Formation, Baja California Sur, Mexico",1992,"R. L.","Squires","R. A.","Demetrion","","",NA,"Contributions in Science (Natural History Museum of Los Angeles County)",NA,NA,NA,NA,NA,NA,"434","","1","55","","","class"
82996,"ref","serial monograph","A Catalogue of Fossil Plants from India Part 4: Cenozoic (Tertiary) Megafossils",1991,"R.","Srivastava","","","","",NA,"",NA,NA,NA,NA,NA,NA,"","","1","45","English","","auth,class"
84749,"ref","serial monograph","A Catalogue of Fossil Plants from India Part 3A: Palaeozoic and Mesozoic Spores and Pollen",1991,"S. C.","Srivastava","","","","",NA,"",NA,NA,NA,NA,NA,NA,"","","1","182","English","","auth,class"
42046,"ref","serial monograph","The Pennsylvanian-Early Permian Bird Spring carbonate shelf, southeastern California: fusulinid biostratigraphy, paleogeographic evolution, and tectonic implications",2007,"C. H.","Stevens","P.","Stone","","",NA,"Geological Society of America Special Paper",NA,NA,NA,NA,NA,NA,"429","","1","82","English","","auth,class"
74030,"ref","journal article","Fossil coralline algae from the Paleocene Montorfano Member type-section (Tabiago Formation, northern Italy)",2000,"R.","Stockar","","","","",NA,"Eclogae Geologicae Helvetiae",NA,NA,NA,NA,NA,NA,"93","","409","427","English","http://doi.org/10.5169/seals-168831","auth,class"
50781,"ref","book chapter","Radiolarians",2014,"O.","Takahashi","Y.","Miyake","","Y. Shigeta, T. Komatsu, T. Maekawa, H. T. Dang",NA,"Olenekian (Early Triassic) stratigraphy and fossil assemblages in northeastern Vietnam. National Museum of Nature and Science Monographs",NA,NA,NA,NA,NA,NA,"45","","278","294","English","","class"
52945,"ref","book","Paleobotany: The Biology and Evolution of Fossil Plants",2008,"E.","Taylor","T.","Taylor","M. Krings","",NA,"",NA,NA,NA,NA,NA,NA,"","","1","1230","English","","auth,class"
43480,"ref","book/book chapter","",2009,"T. N.","Taylor","E. L.","Taylor","M. Krings","",NA,"Paleobotany: The Biology and Evolution of Fossil Plants, 2nd edition",NA,NA,NA,NA,NA,NA,"","","","","English","","auth,class"
42261,"ref","serial monograph","Biostratigraphy and Systematics of late Middle to Late Triassic Radiolarians from the Taurus Mountains and Ankara Region, Turkey",1999,"U. K.","Tekin","","","","",NA,"Geologisch-Paläontologische Mitteilungen Innsbruck",NA,NA,NA,NA,NA,NA,"5","","1","296","English","","auth"
9348,"ref","book/book chapter","A sequence stratigraphic reference section for the Tithonian of Lebanon",2000,"C.","Toland","","","","",NA,"Middle East models of Jurassic/Cretaceous carbonate systems. SEPM, Special Publication",NA,NA,NA,NA,NA,NA,"69","","53","64","","","auth,class"
77826,"ref","M.S. thesis","Miocenski biolititi istočnog dijela Medvednice",2017,"K.","Tripalo","","","","",NA,"",NA,NA,NA,NA,NA,NA,"","","1","73","English","","auth,class"
49056,"ref","journal article","Paleoflora de la Formación Ligorio Márquez (XI Región, Chile) en su localidad tipo: sistemática, edad e implicancias paleoclimáticas",2002,"A.","Troncoso","M.","Suárez","R. de la Cruz, S. Palma-Heldt","",NA,"Revista Geológica de Chile",NA,NA,NA,NA,NA,NA,"29","1","113","135","English","10.4067/S0716-02082002000100007 ","auth,class"
6444,"ref","serial monograph","The Megaflora from the Quantico Locality (Upper Albian), Lower Cretaceous Potomac Group of Virginia",1994,"G. R.","Upchurch","P. R.","Crane","A. N. Drinnan","",NA,"Virginia Museum of Natural History",NA,NA,NA,NA,NA,NA,"4","","1","57","","","auth,class"
6420,"ref","book/book chapter","Cenomanian Angiosperm Leaf Megafossils, Dakota Formation, Rose Creek Locality, Jefferson County, Southeastern Nebraska",1990,"G. R.","Upchurch","D. L.","Dilcher","","",NA,"U.S. Geological Survey Bulletin 1915",NA,NA,NA,NA,NA,NA,"","","","","","","class"
48265,"ref","Ph.D. thesis","Estudios anatómicos en paleofloras del Aptiano de Antártida y Patagonia, y su comparación",2010,"E. I.","Vera","","","","",NA,"Universidad de Buenos Aires. Facultad de Ciencias Exactas y Naturales",NA,NA,NA,NA,NA,NA,"","","294","","Spanish","","auth"
6789,"ref","serial monograph","Bennettitales of the English Wealden",1992,"J.","Watson","C. A.","Sincock","","",NA,"The Palaeontographical Society",NA,NA,NA,NA,NA,NA,"145","588","1","228","","","auth,class"
69199,"ref","journal article","Surprisingly modern Latest Cretaceous - earliest Paleocene woods of India\r\n",2017,"E. A.","Wheeler","R.","Srivastava","S. R. Manchester, P. Baas","",NA,"International Association of Wood Anatomists",NA,NA,NA,NA,NA,NA,"38","4","456","542","English","10.1163/22941932-2017174","auth,class"
18176,"ref","serial monograph","Die Fauna des marinen Miozäns von Kevelaer (Niederrhein). Band 1 Foraminiferen, Anthozoen.",1997,"G.","Wienrich","","","","",NA,"Backhuys Publishers, Leiden",NA,NA,NA,NA,NA,NA,"1","","1","187","German","","auth,class"
25284,"ref","serial monograph","Die Fauna des marinen Miozäns von Kevelaer (Niederrhein). Band 4 Gastropoda ab Mitridae",2007,"G.","Wienrich","R.","Janssen","","",NA,"Backhuys Publishers BV Leiden",NA,NA,NA,NA,NA,NA,"4","","643","954","German","","auth,class"
42149,"ref","serial monograph","Pennsylvanian-Permian Fusulinaceans of the Big Hatchet Mountains, New Mexico",2006,"G. L.","Wilde","","","","",NA,"New Mexico Museum of Natural History and Science Bulletin",NA,NA,NA,NA,NA,NA,"38","","1","331","English","","auth,class"
87936,"ref","journal article","Late Tremadocian radiolarian faunas and biostratigraphy of the Cow Head Group, Western Newfoundland, Canada",2007,"M.-Z.","Won","W. J.","Iams","K. M. Reed","",NA,"Journal of the Korean Earth Science Society",NA,NA,NA,NA,NA,NA,"28","4","497","540","English","10.5467/JKESS.2007.28.4.497","auth,class"
13635,"ref","book/book chapter","",1991,"Y. S.","Wu","","","","",NA,"Organisms and Communities of Permian Reef of Xiangbo, China",NA,NA,NA,NA,NA,NA,"","","1","192","English","","auth,class"
81956,"ref","journal article","Codium-like taxa from the Silurian of North America: morphology, taxonomy, paleoecology, and phylogenetic affinity",2021,"S.T.","LoDuca","A.L.","Swinehart","M.A. LeRoy, D.K. Tetreauk, S. Steckenfinger","",NA,"Journal of Paleontology",NA,NA,NA,NA,NA,NA,"95","2","207","235","English","","auth,class"
78267,"ref","journal article","Chamberlainium pentagonum (Conti) comb. nov. and Spongites fruticulosus (Corallinales, Rhodophyta) in the Miocene carbonates of the western Mediterranean",2020,"G.","Coletti","J.","Hrabovsky","D. Basso","",NA,"Carents Geol",NA,NA,NA,NA,NA,NA,"20","10","223","240","English","","class"
72895,"ref","journal article","Late Neogene and Quaternary diversity and taxonomy of subtropical to temperate planktic foraminifera across the Kuroshio Current Extension, northwest Pacific Ocean",2020,"A. R.","Lam","R. M.","Leckie","","",NA,"Micropalaeontology",NA,NA,NA,NA,NA,NA,"66","3","177","268","English","10.47894/mpal.66.3.01","auth,class"
75506,"ref","journal article","Taxonomic names, in The Khasurty fossil insect Lagerstätte",2020,"Y. S.","Mamontov","","","","",NA,"Paleontological Journal",NA,NA,NA,NA,NA,NA,"54","","1221","1394","English","","auth,class"
75505,"ref","journal article","Taxonomic names, in The Khasurty fossil insect Lagerstätte",2020,"Y. S.","Mamontov","M. S.","Ignatov","","",NA,"Paleontological Journal",NA,NA,NA,NA,NA,NA,"54","","1221","1394","English","","auth,class"
68533,"ref","journal article","Lower Oligocene coralline algae of the Uromieh section (Qom Formation, NW Iran) and the oldest record of Titanoderma pustulatum (Corallinophycidae, Rhodophyta)",2019,"D.","Basso","G.","Coletti","V. A. Bracchi, M. Yazdi-Moghadam","",NA,"Rivista Italiana di Paleontologia e Stratigrafia",NA,NA,NA,NA,NA,NA,"125","1","197","218","English","","auth,class"
80621,"ref","journal article","Leaf impressions of Calophyllum siwalicus and Kayea miofloribunda (Clusiaceae) from the Siwalik Bed of Bhutan",2019,"N.","Srivastava","R.","Ranjan","","",NA,"Iconic Research and Engineering Journals",NA,NA,NA,NA,NA,NA,"2","12","229","232","English","","auth,class"
80620,"ref","journal article","Leaf impressions of Michelia Butanensis (Magnoliaceae) and Gyocardia Mio-Odorata(Flacourtiaceae) from the Siwalik Bed of Bhutan",2019,"N.","Srivastava","P. P.","Tripathi","","",NA,"Iconic Research and Engineering Journals",NA,NA,NA,NA,NA,NA,"2","8","176","179","English","","auth,class"
80619,"ref","journal article","Fossil Leaf Impressions from Siwalik Bed of Bhutan",2018,"N.","Srivastava","P. P.","Tripathi","","",NA,"Iconic Research and Engineering Journals",NA,NA,NA,NA,NA,NA,"2","1","39","41","English","","auth,class"
65994,"ref","journal article","Revised conodont and fusuline biostratigraphy of the Bamchi Formation (Pyongan Supergroup) at the Bamchi section, Yeongwol and the Carboniferous-Permian boundary in South Korea",2018,"Q. L.","Wang","Y.","Wang","Y. P. Qi, X.D. Wang, S. J. Choh, D. C. Lee, D. J. Lee","",NA,"Alcheringa",NA,NA,NA,NA,NA,NA,"42","","244","257","English","","class"
74174,"ref","journal article","A study of biostratigraphy of Sinjar Formation in selected sections from northern Iraq",2017,"E. K.","Al-Dulaimi","S. I.","Al-Dulaimi","","",NA,"Iraqi Journal of Science",NA,NA,NA,NA,NA,NA,"58","2B","891","916","English","","class"
74642,"ref","journal article","Palaeocene reef complex of the Western Carpathians",2017,"S.","Bucek","E.","Kohler","","",NA,"Slovak Geological Magazine",NA,NA,NA,NA,NA,NA,"17","1","3","163","English","","auth,class"
77915,"ref","journal article","Coralline algae from the Hut Bay Formation (Middle Miocene), Little Andaman, India",2017,"S.","Kishore","A.K.","Jauhri","S.K. Singh, B. Malakar, P.K. Misra","",NA,"Journal of the Palaeontological Society of India",NA,NA,NA,NA,NA,NA,"62","2","205","216","English","","class"
80622,"ref","journal article","Middle Miocene flora from Siwalik foreland basin of Uttarakhand, India and its phytogeographic and palaeoclimatic implications",2017,"M.","Prasad","A. K.","Kannaujia","S. Kumar, S. K. Singh","",NA,"The Palaeobotanist",NA,NA,NA,NA,NA,NA,"66","","223","312","English","","auth,class"
77930,"ref","journal article","Ecology of Coralline Red Algae and Their Fossil Evidences from India",2017,"S.","Sarkar","","","","",NA,"Thalassas",NA,NA,NA,NA,NA,NA,"33","","15","28","English","","class"
78046,"ref","journal article","New record of coralline algae from the Holocene sediments of Agatti Island, Lakshadweep, India",2016,"U.","Misra","S.","Kishore","S.K. Misra, A.K. Jauhri","",NA,"Journal Geological Society of India",NA,NA,NA,NA,NA,NA,"87","","308","316","English","","auth,class"
67985,"ref","journal article","A new marattiaceous fern from the Lower Jurassic of Patagonia (Argentina): the renaissance of Marattiopsis",2015,"I. H.","Escapa","B.","Bomfleur","N. R. Cuneo, R. Scasso","",NA,"Journal of Systematic Palaeontology ",NA,NA,NA,NA,NA,NA,"8","","677","689","English","","class"
83278,"ref","journal article","Evolution of Eofusulininae and their role in Middle Carboniferous stratigraphy of the Urals",2015,"R. M.","Ivanova","","","","",NA,"Lithosphere",NA,NA,NA,NA,NA,NA,"2015","5","105","109","Russian","","class"
77953,"ref","journal article","Coralline algae from the Neill West Coast Formation (Pleistocene), Neil Island, South Andaman, India",2015,"S.","Kishore","A.K.","Jauhri","B. Malakar, P.K. Misra","",NA,"Journal of the Palaeontological Society of India",NA,NA,NA,NA,NA,NA,"60","2","57","69","English","","auth,class"
53749,"ref","journal article","Radiolarians, in Conodonts, radiolarians and ostracodes in the Permian E-Lert Formation, Loei Fold Belt, Indochina Terrane, Thailand",2015,"H.","Thassanapak","","","","",NA,"Geological Magazine",NA,NA,NA,NA,NA,NA,"152","","106","142","English","","auth,class"
66522,"ref","journal article","Paleobiology and paleoecology of Palaeoaplysina and Eopalaeoaplysina new genus in Arctic Canada",2014,"K. D.","Anderson","B.","Beauchamp","","",NA,"Journal of Paleontology",NA,NA,NA,NA,NA,NA,"88","5","1056","1071","English","","class"
56172,"ref","journal article","Caracterizacao palinofloristica e paleoambiental da Farmacao Santana (Cretaceo Inferior), Poco 4-BO-1-PE, Bacia do Araripe, Nordeste do Brasil",2014,"H.","Antunes Portela","L.","Antonioli","R. Dino, M. J. Garcia","",NA,"Rev. bras. paleontol",NA,NA,NA,NA,NA,NA,"17","3","363","372","Portugese","","class"
77668,"ref","journal article","Miocene calcareous algae from India: retrospect and prospect",2014,"P.","Kundal","","","","",NA,"Special publication of the Palaeontological Society of India",NA,NA,NA,NA,NA,NA,"5","","135","143","English","","class"
58376,"ref","journal article","Revisions to Roland Brown's North American Paleocene Flora",2014,"S. R.","Manchester","","","","",NA,"Acta Musei Nationalis Pragae",NA,NA,NA,NA,NA,NA,"70","03-Apr","153","210","English","","auth,class"
65715,"ref","journal article","Fossil wood of Dipterocarpus from Nagri Formation (Middle Siwalik) of India: palaeoclimatic and phytogeographical significance",2014,"R.","Srivastava","R.S.","Chandel","S. Singh","",NA,"",NA,NA,NA,NA,NA,NA,"63","1","41","49","English","","auth"
58374,"ref","journal article","Middle Eocene trees of the Clarno Petrified Forest, John Day Fossil Beds National Monument, Oregon",2014,"E. A.","Wheeler","S. R.","Manchester","","",NA,"PaleoBios",NA,NA,NA,NA,NA,NA,"30","3","105","114","English","10.5070/p9303022471","auth"
82244,"ref","journal article","Paleoenvironmental model for Early Eocene larger benthic foraminiferal\r\ndeposits from south Birjand region, east Iran",2013,"S. A.","Babazadeh","M.","Alavi","","",NA,"Revue de Paleobiologie",NA,NA,NA,NA,NA,NA,"32","1","223","233","English","","auth,class"
66622,"ref","journal article","Regnellidium (Salviniales, Marsileaceae) macrofossils and associated spores from the Late Cretaceous of South America",2013,"N. R.","Cúneo","E. J.","Hermsen","M. A. Gandolfo","",NA,"PloSOne",NA,NA,NA,NA,NA,NA,"174","3","340","349","English","","auth,class"
47232,"ref","journal article","(2152–2174) Proposals to conserve the names Abiespollenites, Alatisporites, Apiculatasporites, Cicatricosisporites, Densosporites, Elongatosporites, Faguspollenites, Gnetaceaepollenites, Granulatisporites, Juglanspollenites, Palaeoavena, Piceaepollenites, Poacordaites, Pseudoaraucaria, Quercipollenites, Sabalpollenites, Sequoiapollenites, Setosisporites, Sparganiaceaepollenites, Tuberculatisporites, Ulmipollenites, Valvisporites, Verrucosisporites (fossil plants), all hyphenated when published, with these spellings",2013,"A. B.","Doweld","","","","",NA,"Taxon",NA,NA,NA,NA,NA,NA,"62","3","638","642","English","","auth"
74237,"ref","journal article","Coralline algae from the Bassein Formation (middle to late Eocene) of Mumbai offshore basin and its paleo environmental significance",2013,"P.","Kundal","M. B.","Bhagat","M. P. Kundal","",NA,"ONGC Bulletin",NA,NA,NA,NA,NA,NA,"48","5","15","34","English","","auth,class"
55901,"ref","journal article","Biostratigraphy and paleoenvironment of deposition of Bima and Gongila Formations in M-1 Well, Bornu Basin, Northeastern Nigeria",2013,"A. O.","Ola-Buraimo","","","","",NA,"International Journal of Scientific & Technology Reasearch",NA,NA,NA,NA,NA,NA,"2","8","320","328","English","","auth,class"
47985,"ref","journal article","Paleotropical pollen grains from the Neuquén Group, Patagonia, Argentina",2013,"P.","Vallati","","","","",NA,"Carnets de Géologie",NA,NA,NA,NA,NA,NA,"","5","273","279","English","","auth"
49130,"ref","journal article","Artinskian (Early Permian) fusuline fauna from the Rongma area in northern Tibet: palaeoclimatic and palaeobiogeographic implications",2013,"Y. C.","Zhang","Y.","Wang","Y. J. Zhang, D. X. Yuan","",NA,"Alcheringa",NA,NA,NA,NA,NA,NA,"37","","529","546","English","","class"
48025,"ref","journal article","Palinología y paleoambientes en el perfil de Bajo Comisión (Cretácico), provincia de Santa Cruz, Argentina",2012,"S.","Archangelsky","A.","Archangelsky","G. Cladera","",NA,"Revista del Museo Argentino de Ciencias Naturales",NA,NA,NA,NA,NA,NA,"14","1","23","39","English","","auth,class"
55475,"ref","journal article","Aptian – Cenomanian palynozonation and paleoecology from Horous-1 well, northern Western Desert, Egypt",2012,"A. H. A.","Baioumi","M. M. M.","Mandur","T.F. Moustfa","",NA,"Journal of Applied Sciences Research",NA,NA,NA,NA,NA,NA,"8","3","1490","1501","English","","class"
74246,"ref","journal article","Paleoenvironmental implications of the non-geniculate Coralline algae from the Middle Eocene Sylhet Limestone, Bengal Basin",2012,"S. N.","Chaurpagar","S. K.","Humane","P. Kundal, S.S. Humane","",NA,"ONGC Bulletin",NA,NA,NA,NA,NA,NA,"47","2","50","69","English","","auth"
45888,"ref","journal article","Proposal to conserve the name Bucklandia Brongn. against Bucklandia Sternb. and Conites (fossil Gymnospermae, Cycadeoideopsida)",2012,"A. B.","Doweld","","","","",NA,"Taxon",NA,NA,NA,NA,NA,NA,"61","","1131","1132","English","","class"
45937,"ref","journal article","Proposals to conserve the name Vertebraria Royle ex McCoy (fossil Gymnospermae, Glossopteridales) against Vertebraria Roussel (Rhodymeniophyta) and Sphenophyllum indicum (V. indica) against V. australis and Clasteria australis",2012,"A. B.","Doweld","","","","",NA,"Taxon",NA,NA,NA,NA,NA,NA,"61","","1129","1131","English","","auth,class"
46117,"ref","journal article","Palaeobathymetric gradients across Timor during 5.7–3.3 Ma and implications for collision uplift",2012,"D.","Haig","","","","",NA,"Palaeogeography, Palaeoclimatology, Palaeoecology",NA,NA,NA,NA,NA,NA,"","331-332","50","59","English","","auth"
47174,"ref","journal article","Devínska Kobyla- a window into the Middle Miocene shallow-water marine environments of the Central Paratethys (Vienna Basin, Slovakia)",2012,"M.","Hyzny","N.","Hudackova","R. Biskupic, S. Rybar, T. Fuksi, E. Halasova, K. Zagorsek, M. Jamrich, Peter Ledvak","",NA,"Acta Geologica Slovaca",NA,NA,NA,NA,NA,NA,"4","2","95","111","English","","class"
54213,"ref","journal article","Coralline Algae from the Aramda Reef Member of the Chaya Formation, Mithapur, Gujarat",2012,"S.","Kishore","P. K.","Misra","D. K. Pandey, A. K. Jauhri, T. Bahadur, S. K. Singh, R. S. Chauchan, S. K. Tripathi","",NA,"Journal Geological Society of India",NA,NA,NA,NA,NA,NA,"80","","215","230","English","","auth"
69747,"ref","journal article","Report of a Pandanaceous Fructification From the Deccan Intertrappean Beds of Mahurzari, Nagpur \r\n",2012,"N. R.","Sangrame","D. K.","Kapgate","R. W. Ukey","",NA,"",NA,NA,NA,NA,NA,NA,"","","","","English","","auth,class"
78159,"ref","journal article","Hydrolithon braganum sp. nov. (Corallinaceae, Rhodophyta), the first known\r\nexclusively fossil semi-endophytic coralline red alga",2012,"W.J.","Woelkerling","D.","Bassi","Y. Iryu","",NA,"Phycologia",NA,NA,NA,NA,NA,NA,"51","6","604","611","English","","auth,class"
44219,"ref","journal article","Taxonomic assessment of coralline algal species (Rhodophyta; Corallinales and Sporolithales) described by Pfender, Lemoine, and Miranda from northern Spain type localities",2011,"J.","Aguirre","J. C.","Braga","D. Bassi","",NA,"Annalen des Naturhistorischen Museums in Wien",NA,NA,NA,NA,NA,NA,"","113","267","289","English","","auth"
59226,"ref","journal article","Inflorescences and flowers of Sahnipushpam Shukla from the Deccan Intertrappean beds of India",2011,"D.","Kapgate","N.","Awasthi","S. R. Manchester, S. D. Chitaley","",NA,"Acta Palaeobotanica",NA,NA,NA,NA,NA,NA,"51","2","207","227","English","","auth,class"
42027,"ref","journal article","Middle Permian (Wordian) foraminifers of the Furen Limestone, Oita Prefecture, Japan",2011,"F.","Kobayashi","","","","",NA,"Humans and Nature",NA,NA,NA,NA,NA,NA,"22","","21","25","English","","auth,class"
42029,"ref","journal article","Permian fusuline faunas and biostratigraphy of the Akasaka Limestone (Japan)",2011,"F.","Kobayashi","","","","",NA,"Revue de Paléobiologie, Genève",NA,NA,NA,NA,NA,NA,"30","","431","574","English","","auth,class"
74730,"ref","journal article","Generic distinguishing characteristics and Stratigraphic ranges of fossil Corallines: an update",2011,"P.","Kundal","","","","",NA,"Journal Geological Society of India",NA,NA,NA,NA,NA,NA,"78","","571","586","English","","class"
54760,"ref","journal article","Ptilophyllum muelleri (Ettingsh.) comb. nov. from the Oligocene of Australia: Last of the Bennettitales?",2011,"S.","McLoughlin","R. J.","Carpenter","C. Pott","",NA,"International Journal of Plant Sciences",NA,NA,NA,NA,NA,NA,"172","4","574","585","English","","auth"
74061,"ref","journal article","Coralline algae from the Prang Formation (middle-late Eocene) of the Lumshnong area, Jaintia Hills, Meghalaya",2011,"P. K.","Misra","A. K.","Jauhri","R. P. Tiwari, S. Kishore, Ajay Pratap Singh, S. K. Singh","",NA,"Journal Geological Society of India",NA,NA,NA,NA,NA,NA,"78","","355","364","English","","class"
50684,"ref","journal article","Geological Evolution of the Ulukışla Basin (Late Cretaceous - Eocene) Central Anatolia, Turkey",2011,"K.","Zorlu","S.","Inan","M. Gül, N. İnan, M. A. Kurt, M. Alpaslan","",NA,"Yerbilimleri",NA,NA,NA,NA,NA,NA,"32","2","151","170","English","","auth,class"
42537,"ref","journal article","Mid-Late Devonian calcified marine algae and cyanobacteria, south China",2010,"Q.","Feng","Y. M.","Gong","R. Riding","",NA,"Journal of Paleontology",NA,NA,NA,NA,NA,NA,"84","4","569","587","English","10.1017/s0022336000058340","auth,class"
50201,"ref","journal article","Lycophytes from the Middle Triassic (Anisian) Locality Kühwiesenkopf (Monte Prà Della Vacca) in the Dolomites",2010,"E.","Kustatscher","M.","Wachtler","J. H. A. van Konijnenburg-van Cittert","",NA,"Palaeontology",NA,NA,NA,NA,NA,NA,"53","3","595","626","English","","auth"
57559,"ref","journal article","Early Pliocene - Holocene Favia from the northern and northwestern coastal areas of Saurashtra Peninsula, western India",2010,"D. K.","Pandey","R.","Singh","","",NA,"Journal of the Palaeontological Society of India",NA,NA,NA,NA,NA,NA,"55","2","107","120","English","","auth"
74311,"ref","journal article","Middle Eocene calcareous algae from the southwestern Kachchh, Gujarat",2010,"S. K.","Singh","S.","Kishore","P. K. Mirsa A. K. Jauhri, Anjali Gupta","",NA,"Journal Geological Society of India",NA,NA,NA,NA,NA,NA,"75","","749","759","English","","class"
77849,"ref","journal article","Revision and Re-documentation of M. Airoldi's species of Lithothamnion from the Tertiary Piedmont Basin (NW Italy)",2010,"G.","Vannucci","F.","Quaranta","D. Basso","",NA,"Rivista Italiana di Paleontologia e Stratigrafia",NA,NA,NA,NA,NA,NA,"116","2","223","235","English","","auth,class"
48166,"ref","journal article","Palinología de la Formación Kachaike, Cretácico Inferior de la Cuenca Austral, provincia de Santa Cruz: Granos de polen de Gimnospermas.",2009,"A.","Archangelsky","M.","Llorens","","",NA,"Ameghiniana",NA,NA,NA,NA,NA,NA,"46","2","225","234","Spanish","","auth,class"
56475,"ref","journal article","An Early Cretaceous (Hauterivian) Spore–Pollen Assemblage from Southern Chile",2009,"L. M.","Cranwell","S. K.","Srivastava","","",NA,"Palynology",NA,NA,NA,NA,NA,NA,"33","1","241","280","English","10.2113/gspalynol.33.1.241","auth,class"
47438,"ref","journal article","Lower Jurassic carbonate succession between Predole and Mlačevo, Central Slovenia",2009,"S.","Dozet","","","","",NA,"Materials and Geoenvironment",NA,NA,NA,NA,NA,NA,"56","2","164","193","English","","auth,class"
88513,"ref","journal article","Palmoxylon enochii sp. nov. de la Formación Olmos (Campaniano superior-Maastrichtiano inferior), Coahuila, México",2009,"E.","Estrada-Ruiz","S. R. S.","Cevallos-Ferriz","","",NA,"Ameghiniana",NA,NA,NA,NA,NA,NA,"46","4","577","585","English","","auth,class"
77854,"ref","journal article","Non-geniculate coralline algae (Corallinales, Rhodophyta) from the Lower Oligocene of Poljsica Pri Podnartu (Northern Slovenia)",2009,"L.","Gale","","","","",NA,"Rivista Italiano di Paleontologia e Stratigrafia",NA,NA,NA,NA,NA,NA,"115","1","87","100","English","","class"
44171,"ref","journal article","Geniculate Coralline Algae from the Neogene-Quaternary sediments in and around Porbandar, Southwest Coast of India",2009,"P.","Kundal","S. N.","Mude","","",NA,"Journal geological society of India",NA,NA,NA,NA,NA,NA,"74","","267","274","English","","auth,class"
42242,"ref","journal article","Taxonomic names, in Section of Permian deposits and fusulinids in the Halvan Mountains, Yazd Province, central Iran",2009,"E. Y.","Leven","","","","",NA,"Stratigraphy and Geological Correlation",NA,NA,NA,NA,NA,NA,"17","","155","172","English","","auth"
80951,"ref","journal article","Notes on elements of the Oligocene flora from the Makum Coalfield, Assam, India",2009,"R. C.","Mehrotra","D. L.","Dilcher","T. A. Lott","",NA,"The Palaeobotanist",NA,NA,NA,NA,NA,NA,"58","01-Mar","1","9","English","","auth,class"
47642,"ref","journal article","Rhodophycean Algae from the Lower Cretaceous of the Cauvery Basin, South India",2009,"P. K.","Misra","S.","Kishore","S. K. Singh, A. K. Jauhri","",NA,"Journal geological society of India",NA,NA,NA,NA,NA,NA,"73","","325","334","English","","auth,class"
42116,"ref","journal article","Systematics and biostratigraphic notes of the upper Moscovian-upper Gzhelian fusulinid foraminifers from the Anatolian Platform in the Southern Turkey",2009,"C.","Okuyucu","","","","",NA,"Geologica Balcanica",NA,NA,NA,NA,NA,NA,"38","","35","51","English","10.52321/geolbalc.38.1-3.35","auth,class"
77613,"ref","journal article","Coralline algae from the Maniyara Fort Formation (lower Oligocene) of Kachchh, Gujarat, India",2009,"S.K.","Singh","S.","Kishore","A.P. Singh, P.K. Misra, A.K. Jauhri","",NA,"Revue de Paleobiologie, Geneve",NA,NA,NA,NA,NA,NA,"28","1","19","32","English","","auth,class"
45332,"ref","journal article","Czekanowskia from the Jurassic of Inner Mongolia, China",2009,"C.","Sun","D. L.","Dilcher","H. Wang, G. Sun, Y. Ge","",NA,"International Journal of Plant Sciences",NA,NA,NA,NA,NA,NA,"170","9","1183","1194","English","","auth,class"
87938,"ref","journal article","Radiolarian studies by Christian Gottfried Ehrenberg (1795–1876) and value of his species as type species of genera",2009,"N.","Suzuki","","","","",NA,"National Museum of Nature and Science Monographs",NA,NA,NA,NA,NA,NA,"40","","55","69","English","","auth,class"
65996,"ref","journal article","Fusuline foraminifera from the upper part of the Sakamotozawa Formation, South Kitakami Belt, northeast Japan",2009,"K.","Ueno","T.","Shintani","J. I. Tazawa","",NA,"Science Reports, Niigata University (Geology)",NA,NA,NA,NA,NA,NA,"24","","27","61","English","","class"
49947,"ref","journal article","Foraminiferal turnover across the Paleocene/Eocene boundary at the Zumaya section, Spain: record of a bathyal gradual mass extinction",2009,"L.","Zili","D.","Zaghbib-Turki","L. Alegret, I. Arenillas, E. Molina","",NA,"Revista Mexicana de Ciencias Geológicas",NA,NA,NA,NA,NA,NA,"26","3","729","744","English","","auth"
48004,"ref","journal article","Aptian Angiosperm Pollen from the Ticó Flora Patagonia, Argentina",2008,"A.","Archangelsky","S.","Archangelsky","D. G. Poire, N. D. Canessa","",NA,"Revista del Museo Argentino de Ciencias Naturales",NA,NA,NA,NA,NA,NA,"10","2","185","198","English","","auth,class"
60830,"ref","journal article","The first evidence of dinosaur tracks in the Upper Cretaceous of Poland",2008,"G. D.","Gierlinski","I.","Ploch","E. Gawor-Biedowa, G. Niedzwiedzki","",NA,"Oryctos",NA,NA,NA,NA,NA,NA,"8","","107","113","English","","auth,class"
77931,"ref","journal article","Algological biostragraphy of some early Miocene sediments of the Northeastern desert (Egypt)",2008,"M.M.","Hamad","","","","",NA,"Альгология",NA,NA,NA,NA,NA,NA,"18","1","72","98","Russian","","auth,class"
36750,"ref","journal article","Fusulinoidean Faunas from the Upper Carboniferous and Lower Permian Platform Limestone in the Hadim Area, Central Taurides, Turkey",2008,"F.","Kobayashi","D.","Altiner","","",NA,"Rivista Italiana di Paleontologia e Stratigrafia",NA,NA,NA,NA,NA,NA,"114","","191","232","English","","auth,class"
48148,"ref","journal article","Estudio palinológico de la Formación Punta del Barco, Cretácico Inferior (Aptiano) de la provincia de Santa Cruz, Argentina: Descripciones sistemáticas II: esporas triletes apiculadas, murornadas, tricrasadas y perinadas. Implicancias paleoecológicas",2008,"M.","Llorens","","","","",NA,"Ameghiniana",NA,NA,NA,NA,NA,NA,"45","2","273","288","English","","auth,class"
30598,"ref","journal article","The Middle Ordovician Proventocitum procerulum radiolarian assemnblage of Spitsbergen and its biostratigraphic correlation",2008,"J.","Maletz","D. L.","Bruton","","",NA,"",NA,NA,NA,NA,NA,NA,"51","5","1181","1200","English","","class"
78400,"ref","journal article","Angiospermous fossil leaves from the Siwalik foreland basins and their palaeoclimatic implications",2008,"M.","Prasad","","","","",NA,"The Palaeobotanist",NA,NA,NA,NA,NA,NA,"57","","177","215","English","","auth,class"
28473,"ref","journal article","Fasciculate rugose corals from Gzhelian and lower Permian strata, Pequop Mountains, northeast Nevada",2008,"C. H.","Stevens","","","","",NA,"Journal of Paleontology",NA,NA,NA,NA,NA,NA,"82","6","1190","1200","English","10.1017/s0022336000055396","auth,class"
77867,"ref","journal article","Revision and re-documentation of M. Airoldi's species of Lithophyllum from the Tertiary Piedmont Basin",2008,"G.","Vannucci","F.","Quaranta","D. Basso","",NA,"Rivista Italaliana di Paleontologia e Stratigrafia",NA,NA,NA,NA,NA,NA,"114","3","515","528","English","","auth,class"
33381,"ref","journal article","Plesiosaurs from the Upper Cretaceous (Cenomanian-Turonian) Tropic Shale of southern Utah, part 2: Polycotylidae",2007,"L. B.","Albright","D. D.","Gillette","A. L. Titus","",NA,"Journal of Vertebrate Paleontology",NA,NA,NA,NA,NA,NA,"27","1","41","58","English","10.1671/0272-4634(2007)27[41:pftucc]2.0.co;2","auth"
33387,"ref","journal article","Plesiosaurs from the Upper Cretaceous (Cenomanian-Turonian) Tropic Shale of southern Utah, part 2: Polycotylidae; replacement names for the preoccupied genus Palmula and the subfamily Palmulainae",2007,"L. B.","Albright","D. D.","Gillette","A. L. Titus","",NA,"Journal of Vertebrate Paleontology",NA,NA,NA,NA,NA,NA,"27","4","1051","1051","English","","class"
69075,"ref","journal article","Hirmeriella muensteri (Schenk) Jung from Odrowąż (Poland), with female and male cones, and in situ Classopollis pollen grains",2007,"M.","Barbacka","J.","Ziaga","E. Wcislo-Luraniec, M. Reymanowna","",NA,"Acta Palaeobotanica",NA,NA,NA,NA,NA,NA,"47","2","339","357","English","","auth,class"
48201,"ref","journal article","Early Cretaceous riparian vegetation in Patagonia, Argentina",2007,"G.","Cladera","G. M.","del Fueyo","L. V. de Seoane, S. Archangelsky","",NA,"Revista del Museo Argentino de Ciencias Naturales",NA,NA,NA,NA,NA,NA,"9","1","49","58","English","10.22179/revmacn.9.364","auth,class"
41753,"ref","journal article","Permian fusulinid fauna of peri-Gondwanan affinity from the Kalmard region, east-central Iran and its significance for tectonics and paleogeography",2007,"V. I.","Davydov","S.","Arefifard","","",NA,"Palaeontologia Electronica",NA,NA,NA,NA,NA,NA,"10","2.10A","1","40","English","","auth,class"
75698,"ref","journal article","The Khuff Formation (Middle East) and time-equivalents in Turkey and South China: biostratigraphy from Capitanian to Changhsingian times (Permian), new foraminiferal taxa, and palaeogeographical implications",2007,"J.","Gaillot","D.","Vachard","","",NA,"Coloquios de Paleontología",NA,NA,NA,NA,NA,NA,"57","","37","233","English","","auth,class"
73149,"ref","journal article","Late Middle Permian (Capitanian) foraminifers in the Mikata area, Hyogo, with special reference to plasticity deformation of their test and their paleobiogeographic affinity with South China - Late Paleozoic and Early Mesozoic foraminifers of Hyogo, Japan, Part 5",2007,"F.","Kobayashi","","","","",NA,"Nature and Human Activities",NA,NA,NA,NA,NA,NA,"11","","17","28","English","","class"
27173,"ref","journal article","Characteristic Nassellaria of the lower Tuvalian (Upper Triassic) Spongotortilispinus moixi Zone of the Huglu Unit in the Mersin Mélange,\r\nsoutheastern Turkey",2007,"W.","Kozur","P.","Moix","P. Ozsvart","",NA,"Bulletin de la Société Vaudoise des Sciences Naturelles / SVSN",NA,NA,NA,NA,NA,NA,"90","3","151","173","English","","auth,class"
55655,"ref","journal article","Creataceous palynology (spores, pollen and dinoflagellate cysts) of the Siqeifa 1-X borehole, Northern Egypt",2007,"M. S.","Mahmoud","A. S.","Deaf","","",NA,"Rivista Italiana di Paleontologia e Stratigrafia",NA,NA,NA,NA,NA,NA,"113","2","203","221","English","","auth"
56217,"ref","journal article","Late Cretaceous spores, pollen and dinoflagellates from two boreholes (Nuqra-1 and 3) in the Aswan area, southeast Egypt",2007,"M. S.","Mahmoud","E.","Schrank","","",NA,"Revue de Paléobiologie",NA,NA,NA,NA,NA,NA,"26","2","593","613","English","","auth,class"
55682,"ref","journal article","Early Cretaceous (Aptian–Albian) palynology of the Kabrit-1 borehole, onshore Northern Gulf of Suez, Egypt",2007,"M. S.","Mahmoud","H. A.","Soliman","A. S. Deaf","",NA,"Revista Española de Micropaleontología",NA,NA,NA,NA,NA,NA,"39","3","169","187","English","","auth,class"
48170,"ref","journal article","Nuevos registros para la flora cretácica descripta por Halle (1913) en lago San Martín, Santa Cruz, Argentina",2007,"M. G.","Passalia","","","","",NA,"",NA,NA,NA,NA,NA,NA,"44","3","565","595","Spanish","","auth"
77979,"ref","journal article","Neogoniolithon contii comb. nov. based on the taxonomic re-assessment of Mastrorilli's original collections from the Oligocene of NW Italy (Tertiary Piedmont Basin)",2007,"F.","Quaranta","G.","Vannucci","D. Basso","",NA,"Rivista Italiana di Paleontologia e Stratigrafia",NA,NA,NA,NA,NA,NA,"113","1","43","55","English","","auth"
26060,"ref","journal article","First Emilian record of the boreal-affinity bivalve Portlandia impressa Perri, 1975 from Montefiore dell'Aso (Marche, Italy)",2007,"L.","Ragaini","G.","Cantalamessa","C. Di Celma, P. Didaskalou, R. Impiccini, P. Lori, M. Marino, M. Potetti, S. Ragazzini","",NA,"Bollettino della Societá Italiana",NA,NA,NA,NA,NA,NA,"45","02-Mar","227","234","English","","auth,class"
25851,"ref","journal article","Pleistocene Radiolaria from the Antarctic Continental Margin: Distribution and Biostratigraphy",2007,"G. K.","Sharma","K.","Takahashi","","",NA,"",NA,NA,NA,NA,NA,NA,"69","","913","826","English","","class"
62018,"ref","journal article","Fine structures of Stephanodiscus excentricus Hust. and S. niagarae Ehrenb. from Terrebonne diatomite, Oregon, USA",2007,"H.","Tanaka","T.","Nagumo","","",NA,"Diatom",NA,NA,NA,NA,NA,NA,"23","","105","112","English","","auth,class"
41825,"ref","journal article","Description of species, in Fusuline foraminifera from the basal part of the Sakamotozawa Formation, south Kitakami belt, northeast Japan",2007,"K.","Ueno","","","","",NA,"Science Reports, Niigata University (Geology)",NA,NA,NA,NA,NA,NA,"22","","15","33","English","","class"
43936,"ref","journal article","Leños fósiles de Boraginaceae de la Formación Peñas Coloradas (Paleoceno superior), Puerto Visser, Chubut, Argentina",2006,"M.","Brea","A. F.","Zucol","","",NA,"Ameghiniana",NA,NA,NA,NA,NA,NA,"43","1","139","146","Spanish","","auth"
77546,"ref","journal article","Taxonomy of order Latentifistularia (Radiolaria) from the latest Permian in southern Guangxi, China",2006,"Q.","Feng","W.","He","S. Zhang, S. Gu","",NA,"Journal of Paleontology",NA,NA,NA,NA,NA,NA,"80","5","826","848","English","10.1666/0022-3360(2006)80[826:toolrf]2.0.co;2","auth,class"
41962,"ref","journal article","Middle Permian foraminifers of the Izuru and Nabeyama Formations in the Kuzu area, Tochigi Prefecture, Japan Part 2. Schubertellid and ozawainellid fusulinoideans, and non-fusulinoidean foraminifers",2006,"F.","Kobayashi","","","","",NA,"Paleontological Research",NA,NA,NA,NA,NA,NA,"10","","61","77","English","","auth,class"
42028,"ref","journal article","Early Late Permian (Wuchiapingian) foraminifers in the Tatsuno area, Hyogo - Late Paleozoic and Early mesozoic foraminifers of Hyogo, Japan, part 4",2006,"F.","Kobayashi","","","","",NA,"Nature and Human Activities",NA,NA,NA,NA,NA,NA,"10","","25","33","English","","auth,class"
42035,"ref","journal article","Latest Permian (Changhsingian) foraminifers in the Mikata area, Hyogo - Late Paleozoic and early Mesozoic foraminifers of Hyogo, Japan, Part 3",2006,"F.","Kobayashi","","","","",NA,"Nature and Human Activities",NA,NA,NA,NA,NA,NA,"10","","15","24","English","","auth,class"
42036,"ref","journal article","Late Middle Permian (Capitanian) foraminifers in the Miharaiyama area, Hyogo - Late Paleozoic and early Mesozoic foraminifers of Hyogo, Japan, Part 2",2006,"F.","Kobayashi","","","","",NA,"Nature and Human Activities",NA,NA,NA,NA,NA,NA,"10","","1","13","English","","auth,class"
42139,"ref","journal article","Middle Permian foraminifer of Kaize, southern part of Saku Basin, Nagano prefecture, central Japan",2006,"F.","Kobayashi","","","","",NA,"Paleontological Research",NA,NA,NA,NA,NA,NA,"10","3","179","194","English","","auth,class"
42039,"ref","journal article","Taxonomic names, in Gzhelian fusulinids first discovered in central Iran",2006,"E. Y.","Leven","","","","",NA,"Stratigraphy and Geological Correlation",NA,NA,NA,NA,NA,NA,"14","","19","29","English","","auth,class"
34841,"ref","journal article","Solenostelopteris skogiae sp. nov. from the Lower Cretaceous of Vancouver Island [Canada]",2006,"S. A.","Little","R. A.","Stockey","G. W. Rothwell","",NA,"Journal of Plant Research",NA,NA,NA,NA,NA,NA,"119","5","525","532","English","","auth,class"
59278,"ref","journal article","Tetracentron fruits from the Miocene of Western North America",2006,"S. R.","Manchester","I.","Chen","","",NA,"International Journal of Plant Sciences",NA,NA,NA,NA,NA,NA,"167","3","601","605","English","","auth"
76276,"ref","journal article","Non-geniculate coralline algae from the Uttatur Group (Early Cretaceous), south India",2006,"P.K.","Misra","A.K.","Jauhri","S.K. Singh, S. Kishore, A. Rajanikanth","",NA,"The Palaeobotanist",NA,NA,NA,NA,NA,NA,"55","","29","40","English","","auth,class"
59184,"ref","journal article","Palynostratigraphy of the Dubrajpur Formation (Early Triassic to Early Cretaceous) of th Rajmahal Basin, India",2006,"A.","Tripathi","A.","Ray","","",NA,"Palynology",NA,NA,NA,NA,NA,NA,"30","","133","149","English","10.2113/gspalynol.30.1.133","auth,class"
41888,"ref","journal article","Middle Permian fusulinoideans from Hatahoko in the Nyukawa area, Gifu Prefecture, Mino Belt, central Japan",2006,"K.","Ueno","J. I.","Tazawa","Y. Miyake","",NA,"Science Reports, Niigata University (Geology)",NA,NA,NA,NA,NA,NA,"21","","47","72","English","","auth"
47990,"ref","journal article","Las primeras angiospermas en el Cretácico de la Cuenca Neuquina (Centro Oeste de Argentina): Aspectos geológicos relacionados",2006,"P.","Vallati","","","","",NA,"Revista Brasileira de Paleontologia",NA,NA,NA,NA,NA,NA,"9","1","83","92","Spanish","10.4072/rbp.2006.1.09","auth,class"
49481,"ref","journal article","Palynological and paleoenvironmental significance of the Tunal Formation (Danian) at its type locality, El Chorro creek (Salta, Argentina)",2006,"W.","Volkheimer","M. G.","Novara","P. L. Narvaéz, R. A. Marquillas","",NA,"Ameghiniana",NA,NA,NA,NA,NA,NA,"43","3","567","584","English","","auth,class"
48165,"ref","journal article","Palinología de la Formación Kachaike, Cretácico Inferior de la Cuenca Austral, provincia de Santa Cruz. II. Esporas",2005,"A.","Archangelsky","M.","Llorens","","",NA,"Ameghiniana",NA,NA,NA,NA,NA,NA,"42","2","311","328","Spanish","","auth"
48091,"ref","journal article","Estudios palinológicos del Grupo Baqueró (Cretácico inferior), provincia de Santa Cruz, Argentina. IX polen bisacado de Podocarpaceae",2005,"S.","Archangelsky","L.","Villar de Seoane","","",NA,"Revista Española de Paleontología",NA,NA,NA,NA,NA,NA,"20","1","37","56","Spanish","","auth,class"
23357,"ref","journal article","A fossilized aroid infructescence, Albertarum pueri geno. nov. et sp. nov., of Late Cretaceous (late Campanian) age from the Horseshoe Canyon Formation of southern Alberta, Canada",2005,"J.","Bogner","G. L.","Hoffman","K. R. Aulenback","",NA,"Canadian Journal of Earth Sciences",NA,NA,NA,NA,NA,NA,"83","","591","598","English","","auth,class"
24720,"ref","journal article","Benthic foraminifers and palaeoenvironment in the Lower and Middle Jurassic of the Western Basque-Cantabrian Basin (Northern Spain)",2005,"K.-U.","Gräfe","","","","",NA,"Journal of Iberian Geology",NA,NA,NA,NA,NA,NA,"31","2","217","233","English","","auth,class"
27428,"ref","journal article","Extinction, survival, and recovery of lagenide foraminifers in the Permian-Triassic boundary interval, central Taurides, Turkey",2005,"J. R.","Groves","D.","Altiner","R. Rettori","",NA,"Paleontological Society Memoir",NA,NA,NA,NA,NA,NA,"62","","1","38","English","","auth,class"
86054,"ref","journal article","NIEUWE GEOLOGISCHE, PALYNOLOGISCHE EN PALEOBOTANISCHE GEGEVENS (MUSCHELKALK, RHAETIEN-LIAS EN OLIGOCEEN) uit de steengroeven van Winterswijk",2005,"G.F.W.","Herngreen","J.H.A.","van Konijnenburg-van Cittert","H.W. Oosterink, R.W.J.M. van der Ham","",NA,"Grondboor & Hamer",NA,NA,NA,NA,NA,NA,"59","4","84","97","other","","auth,class"
27116,"ref","journal article","Record of rhodoliths from Aramda Reef Member (Late Pleistocene to Holocene) of Chaya Formation, Dwarka-Okha area, Gujarat and their paleoenvironmental significance",2005,"P.","Kundal","A. P.","Dharashivkar","","",NA,"Current Science",NA,NA,NA,NA,NA,NA,"88","10","1684","1689","English","","auth"
59282,"ref","journal article","Middle Eocene flora of Huadian, Jilin Province, Northeastern China",2005,"S. R.","Manchester","Z.","Chen","B. Geng, J. Tao","",NA,"Acta Palaeobotanica",NA,NA,NA,NA,NA,NA,"45","1","3","26","English","","auth,class"
81981,"ref","journal article","Paleoecology of the Permian (Wolfcampian) Phylloid Alga Calcipatera from an In Situ Occurrence in Kansas, U.S.A.",2005,"R. S.","Sawin","R.R.","West","","",NA,"Current Research in Earth Sciences",NA,NA,NA,NA,NA,NA,"251","1","","","English","10.17161/cres.v0i251.11835","auth,class"
77887,"ref","journal article","Calcareous algae from the limestone unit of Hut Bay Formation (Late Middle Miocene) of Little Andaman Island, India",2005,"R.K.","Saxena","M.K.","Ghosh","A. Chandra","",NA,"Glimpses of Indian Phycology",NA,NA,NA,NA,NA,NA,"","","275","301","English","","auth,class"
25689,"ref","journal article","Triassic hamimedaceans: new genera and species from the Alps, Sicily and southern Apennines",2005,"B.","Senowbari-Daryan","V.","Zamparelli","","",NA,"Revista Espanola de Micropaleontologia",NA,NA,NA,NA,NA,NA,"37","1","141","169","English","","auth,class"
32418,"ref","journal article","Permian and Triassic radiolarians from the western Guangxi area, China",2005,"A.","Yao","K.","Kuwahara","Y. Ezaki, J. Liu, W. Hao, Y. Luo, G. Kuang","",NA,"Journal of Geosciences, Osaka City University",NA,NA,NA,NA,NA,NA,"48","","81","93","English","","auth"
81475,"ref","journal article","Late Triassic charophytes around the bone-bearing bed at Krasiejów (SW Poland) – palaeoecological and environmental remarks",2005,"M.","Zatoń","A.","Piechota","E. Sienkiewicz","",NA,"Acta Geologica Polonica",NA,NA,NA,NA,NA,NA,"55","3","283","293","English","","auth,class"
44594,"ref","journal article","Megaflora (hojas y frutos) de la Formación San José (Mioceno Medio) en río Seco, departamento Santa María, provincia de Catamarca, Argentina",2004,"L. M.","Anzótegui","R.","Herbst","","",NA,"Ameghiniana",NA,NA,NA,NA,NA,NA,"41","3","423","436","Spanish","","auth,class"
43995,"ref","journal article","Coralline Algae from the Ninniyur Formation (Thanetian) of the Cauvery Basin, South India",2004,"S.","Kishore","S. K.","Singh","","",NA,"Our Nature",NA,NA,NA,NA,NA,NA,"2","","1","6","English","10.3126/on.v2i1.316","auth"
50154,"ref","journal article","A number of additional and revised taxa from the Ladinian flora of the Dolomites, Northern Italy",2004,"E.","Kustatscher","M.","Wachtler","J.H.A. van Konijnenburg-van Cittert","",NA,"Geo.Alp",NA,NA,NA,NA,NA,NA,"1","","57","69","English","","auth"
32488,"ref","journal article","Late Permian radiolarians and sponge spicules from the Tongtianyan section, Liuzhou, Gungxi, China",2004,"K.","Kuwahara","A.","Yao","J. Yao, J. Li","",NA,"Journal of Geosciences, Osaka City University",NA,NA,NA,NA,NA,NA,"47","","85","99","English","","class"
30757,"ref","journal article","Lower Aptian agglutinated foraminifera from the Southern Dobrogea and SE part of the Moesian Platform",2004,"T.","Neagu","P.","Cirnaru","","",NA,"Acta Palaeontologica Romaniae",NA,NA,NA,NA,NA,NA,"4","","277","297","English","","class"
42469,"ref","journal article","Permian Fusulinids (Foraminifera) of the Subsurface of Israel: Taxonomy and Biostratigraphy",2004,"O.","Orlov-Labkovsky","","","","",NA,"Revista Española de Micropaleontología",NA,NA,NA,NA,NA,NA,"36","3","389","406","English","","auth"
65025,"ref","journal article","An unmineralized alga from the Lower Cambrian of California, USA",2004,"B. M.","Waggoner","J. W.","Hagadorn","","",NA,"Neues Jahrbuch für Geologie und Paläontologie - Abhandlungen",NA,NA,NA,NA,NA,NA,"231","1","67","83","English","10.1127/njgpa/231/2004/67","class"
48162,"ref","journal article","Palinología de la Formación kachaike, Cretácico Inferior de la Cuenca Austral, provincia de Santa Cruz. I-Esporas lisas y cinguladas",2003,"A.","Archangelsky","M.","Llorens","","",NA,"Ameghiniana",NA,NA,NA,NA,NA,NA,"40","1","71","80","Spanish","","auth,class"
47464,"ref","journal article","Nongeniculate Coralline Algae from Lower Pliocene to Late Pleistocene of Dwarka - Okha Area, Jamnagar, Gujarat",2003,"P.","Kundal","A. P.","Dharashivkar","","",NA,"Bulletin of the Oil and Natural Gas Corporation Limited",NA,NA,NA,NA,NA,NA,"","","","","English","","auth"
34839,"ref","journal article","Cyathea cranhamii sp. nov. (Cyatheaceae), anatomically preserved tree fern sori from the Lower Cretaceous of Vancouver Island, British Columbia",2003,"S. Y.","Smith","G. W.","Rothwell","R. A. Stockey","",NA,"American Journal of Botany",NA,NA,NA,NA,NA,NA,"90","","755","760","English","","auth"
70346,"ref","journal article","Origins of Polyploidy in Coast Redwood (Sequoia sempervirens (D. DON) ENDL.) and Relationship of Coast Redwood to other Genera of Taxodiaceae",2002,"M. R.","Ahuja","D. B.","Neale","","",NA,"Silvae Genetica",NA,NA,NA,NA,NA,NA,"51","02-Mar","93","100","English","","auth,class"
45845,"ref","journal article","Annulina M.F. Neuburg: Illegitimate generic name replaced by Umbellaphyllites Rasskazova, 1961 (Equisetophyta)",2002,"A. B.","Doweld","","","","",NA,"Paleontologicheskii Zhurnal",NA,NA,NA,NA,NA,NA,"2002","2","102","104","Russian","","auth"
32433,"ref","journal article","Uppermost Changxingian (Permian) radiolarian fauna from southern Guizhou, southwestern China",2002,"Q.","Feng","S.","Gu","","",NA,"Journal of Paleontology",NA,NA,NA,NA,NA,NA,"76","5","797","809","English","10.1666/0022-3360(2002)076<0797:ucprff>2.0.co;2","auth,class"
13548,"ref","journal article","Mass spawning in ancient reef communities: Evidence from Late Paleozoic phylloid algae",2002,"G. T. W.","Forsythe","R.","Wood","J. A. D. Dickson","",NA,"Palaios",NA,NA,NA,NA,NA,NA,"17","6","615","621","","10.1669/0883-1351(2002)017<0615:msiarc>2.0.co;2","auth,class"
32745,"ref","journal article","A new Tertiary Ceratozamia (Zamiaceae, Cycadopsida) from the European Oligocene",2002,"Z.","Kvacek","","","","",NA,"Flora",NA,NA,NA,NA,NA,NA,"197","","303","316","English","","class"
43893,"ref","journal article","Palinología de la Formación Chiquimil (Mioceno Superior), en Río Vallecito, provincia de Catamarca, Argentina. Parte 2. Polen",2002,"L. R.","Mautino","L. M.","Anzótegui","","",NA,"Ameghiniana",NA,NA,NA,NA,NA,NA,"39","3","257","270","Spanish","","auth,class"
43933,"ref","journal article","Palinología de la Formación Chiquimil (Mioceno Superior), en Río Vallecito, provincia de Catamarca, Argentina. Parte 3. Polen",2002,"L. R.","Mautino","L. M.","Anzótegui","","",NA,"Ameghiniana",NA,NA,NA,NA,NA,NA,"39","3","271","284","Spanish","","auth,class"
55144,"ref","journal article","Nueva microflora de edad maastichtiana en la localidad de Calmu-Co, sur de Mendoza, Argentina",2002,"O. H.","Papú","","","","",NA,"Ameghiniana",NA,NA,NA,NA,NA,NA,"39","4","415","426","Spanish","","class"
58180,"ref","journal article","Nuevos hallazgos de palinomorfos en la Formación La Amarga, Miembro Bañados de Caichigüe, cuenca Neuquina sud oriental, Argentina",2002,"M. B.","Pramparo","W.","Volkheimer","","",NA,"",NA,NA,NA,NA,NA,NA,"39","4","395","404","Spanish","","auth,class"
16637,"ref","journal article","Late Triassic (Late Norian-Rhaetian) radiolarians from the Antalya Nappes, Central Taurides, Southern Turkey",2002,"U. K.","Tekin","","","","",NA,"Rivista Italiana di Paleontologia e Stratigrafia",NA,NA,NA,NA,NA,NA,"108","3","415","440","English","","auth,class"
30606,"ref","journal article","Late Cambrian radiolarian faunas and biostratigraphy of the Cow Head Group, western Newfoundland",2002,"M.-Z.","Won","W. J.","Iams","","",NA,"Journal of Paleontology",NA,NA,NA,NA,NA,NA,"76","1","1","33","English","10.1017/s0022336000017315","auth,class"
35535,"ref","journal article","Macroscopic carbonaceous compressions in a terminal Proterozoic shale: a systematic reassessment of the Miaohe biota, south China",2002,"S.","Xiao","X.","Yuan","M. Steiner, A. H. Knoll","",NA,"Journal of Paleontology",NA,NA,NA,NA,NA,NA,"76","2","347","376","English","10.1017/s0022336000041743","auth"
43867,"ref","journal article","Maderas fósiles de Combretaceae de la Formación El Palmar (Pleistoceno), Entre Ríos, Argentina",2001,"M.","Brea","A. F.","Zucol","","",NA,"Ameghiniana",NA,NA,NA,NA,NA,NA,"38","4","409","417","Spanish","","auth"
27966,"ref","journal article","Grupo Bauru: uma unidade continental do Cretáceo no Brasil – concepções baseadas em dados micropaleontológicos, isotópicos e estratigráficos [Bauru Group: a continental unit from the Cretaceous of Brazil – concepts based on micropaleontological, isotopic, and stratigraphic data]",2001,"D.","Dias-Brito","E. A.","Musacchio","J. C. de Castro, M. d. S. A. S. Maranhão, J. M. Suárez, R. Rodrigues","",NA,"Revue de Paléobiologie",NA,NA,NA,NA,NA,NA,"20","1","245","304","Portugese","","auth,class"
45840,"ref","journal article","Jurinodendron-a New Replacement Name for Cyclostigma S. Haughton ex 0. Heer, 1871 (Lycopodiophyta)",2001,"A. B.","Doweld","","","","",NA,"Paleontologicheskii Zhurnal",NA,NA,NA,NA,NA,NA,"2001","2","109","112","Russian","","auth,class"
72298,"ref","journal article","The mangrove palem Nypa in the geologic past of the New World",2001,"C. T.","Gee","","","","",NA,"Wetlands Ecology and Management",NA,NA,NA,NA,NA,NA,"9","","181","194","English","","auth"
7828,"ref","journal article","Middle Paleogene palynology of Central Colombia, South America: A study of pollen and spores from tropical latitudes",2001,"C. A.","Jaramillo","D. L.","Dilcher","","",NA,"Palaeontographica Abteilung B",NA,NA,NA,NA,NA,NA,"258","04-Jun","87","213","English","10.1127/palb/258/2001/87","auth,class"
77671,"ref","journal article","Palaeocene Rhodophycean algae from the Ninniyur Formation of the Cauvery Basin southern India",2001,"P.K.","Misra","A.K.","Jauhri","A. Chowdhury, S. Kishore","",NA,"Palaeobotanist",NA,NA,NA,NA,NA,NA,"50","","311","339","English","","auth,class"
75778,"ref","journal article","Late Cretaceous diatoms (Bacillariophyceae) from the Marca shale member of the Moreno formation, California",2001,"V. A.","Nikolaev","J. P.","Kociolek","E. Fourtanier, J. A. Barron, D. M. Harwood","",NA,"Occasional papers of the California Academy of Sciences",NA,NA,NA,NA,NA,NA,"152","","1","119","English","","class"
80661,"ref","journal article","Fossil wood and foliage of Castanea (Fagaceae) from the Upper Oligocene of northern Bohemia",2001,"J.","Sakala","V.","Teodoridis","","",NA,"Vûstník âeského geologického ústavu [Bulletin of the Czech Geological Survey]",NA,NA,NA,NA,NA,NA,"76","1","23","28","English","","auth,class"
49488,"ref","journal article","Middle Cretaceous Microflora from the Huincul Formation (""Dinosaurian Beds"") in theNeuquén Basin, Patagonia, Argentina",2001,"P.","Vallati","","","","",NA,"Palynology",NA,NA,NA,NA,NA,NA,"25","","179","197","English","10.2113/0250179","auth"
77565,"ref","journal article","贵州紫云晒瓦群中放射虫Neoalbaillella 动物群的发现 (Discovery of the Neoalbaillella radiolarian fauna in the Shaiwa Group of Ziyun District, Guizhou)",2001,"Y-J.","Wang","Q-H.","Shang","","",NA,"Acta Micropalaeontologica Sinica",NA,NA,NA,NA,NA,NA,"18","2","111","121","Chinese","","auth,class"
4262,"ref","journal article","Late Campanian-Maastrichtian corals from the United Arab Emirates-Oman border region",2000,"R. C.","Baron-Szabo","","","","",NA,"Bulletin of the Natural History Museum of London (Geology)",NA,NA,NA,NA,NA,NA,"56","2","91","131","","","auth,class"
46161,"ref","journal article","Palinoestratigrafía de depósitos del Oligoceno tardío-Mioceno en el área sur del Golfo San Jorge, provincia de Santa Cruz, Argentina",2000,"V.","Barreda","S.","Palamarczuk","","",NA,"Ameghiniana",NA,NA,NA,NA,NA,NA,"37","1","103","117","Spanish","","auth,class"
46203,"ref","journal article","Palinomorfos continentales y marinos de la Formación Monte León en su área tipo, provincia de Santa Cruz, Argentina",2000,"V.","Barreda","S.","Palamarczuk","","",NA,"Ameghiniana",NA,NA,NA,NA,NA,NA,"37","1","3","12","Spanish","","auth"
44169,"ref","journal article","Taxonomic and biostratigraphical re-assessments of Subterraniphyllum Elliott (Corallinales, Rhodophyta)",2000,"D.","Bassi","W. J.","Woelkerling","J. H. Nebelsick","",NA,"Palaeontology",NA,NA,NA,NA,NA,NA,"43","3","405","425","English","","auth,class"
83246,"ref","journal article","Tetrataxidae, Palaeotextulariidae y Biseriamminidae (Foraminiferida) del Mississippiense del Área del Guadiato (Córdoba, España)",2000,"P.","Cozár","","","","",NA,"Coloquios de Paleontología",NA,NA,NA,NA,NA,NA,"51","","35","68","Spanish","","class"
8954,"ref","journal article","Neuralethopterids (Trigonocarpalean Pteridosperms) from the Early Pennsylvanian of eastern North America",2000,"P.","Goubet","H. W.","Pfefferkorn","W.H. Gillespie","",NA,"PaleoBios",NA,NA,NA,NA,NA,NA,"20","3","11","37","","","auth"
36450,"ref","journal article","Les algues dasycladales du Permien et du Trias: nouvelle tentative d' inventaire bibliographique, géographique et stratigraphique",2000,"B. R. C.","Granier","T.","Grgasovi","","",NA,"Geologica Croatica",NA,NA,NA,NA,NA,NA,"53","1","1","197","French","","auth,class"
41874,"ref","journal article","New taxa of foraminifera from the Bashkirian of the Urals",2000,"R. M.","Ivanova","","","","",NA,"Paleontological Journal",NA,NA,NA,NA,NA,NA,"34","","147","154","English","","auth,class"
43854,"ref","journal article","Esporas del Mioceno y retrabajadas del Mesozoico en la Formación Chiquimil, Vallecito, provincia de Catamarca",2000,"L. R.","Mautino","L. M.","Anzótegui","","",NA,"Ameghiniana",NA,NA,NA,NA,NA,NA,"37","1","13","22","Spanish","","auth,class"
46609,"ref","journal article","Palinología del Paleogeno tardío-Neógeno temprano, pozo Aries x-1, plataforma Continental Argentina, Tierra del Fuego",2000,"S.","Palamarczuk","V.","Barreda","","",NA,"Ameghiniana",NA,NA,NA,NA,NA,NA,"37","2","221","234","Spanish","","auth"
78640,"ref","journal article","Plant megafossils from the Siwalik sediments of Bhutan and their climatic significance",2000,"M.","Prasad","P. P.","Tripathi","","",NA,"Biological Memoirs",NA,NA,NA,NA,NA,NA,"26","1","6","19","English","","auth,class"
10118,"ref","journal article","Obertriadische (Nor) Dasycladaceen aus der Nayband-Formation vom Zentraliran",2000,"B.","Senowbari-Daryan","A.","Hamadani","","",NA,"Revue Paléobiologie",NA,NA,NA,NA,NA,NA,"19","1","97","121","German","","auth"
77827,"ref","journal article","Revision and re-documentation of M. Airoldi's species of Archaeolithothamnium from the Tertiary Piedmont Basin (nw Italy)",2000,"G.","Vannucci","M.","Piazza","P. Fravega, Daniela Basso","",NA,"Rivista Italiana di Paleontologia e Stratigrafia",NA,NA,NA,NA,NA,NA,"106","2","191","202","English","","auth,class"
24764,"ref","journal article","Early Norian Radiolaria from Cyprus",1999,"N. Y.","Bragin","K. A.","Krylov","","",NA,"Geodiversitas",NA,NA,NA,NA,NA,NA,"21","4","539","569","English","","class"
13571,"ref","journal article","The Prati di Stuores/Stuores Wiesen Section (Dolomites, Italy): a candidate Global Stratotype Section and Point for the base of the Carnian stage.",1999,"C.","Broglio Loriga","S.","Cirilli","V. de Zanche, D. di Bari, P. Gianolla, G. F. Laghi, W. Lowrie, S. Manfrin, A. Mastandrea, P. Mietto, G. Muttoni, C. Neri, R. Posenato, M. Rechichi, R. Rettori, G. Roghi","",NA,"Rivista Italiana di Paleontologia e Stratigrafia",NA,NA,NA,NA,NA,NA,"105","1","37","78","English","","class"
18999,"ref","journal article","Lower Cretaceous dasyclad algae from the Padurea Crailului Massif (northern Apuseni Mountains, Romania)",1999,"I. I.","Bucur","","","","",NA,"Acta Palaeontologica Romaniae",NA,NA,NA,NA,NA,NA,"2","","53","72","English","","class"
57681,"ref","journal article","Upper Cretaceous pollen grains from Egypt III",1999,"M.","Kedves","","","","",NA,"Plant cell biology and development",NA,NA,NA,NA,NA,NA,"10","","14","29","English","","auth,class"
78497,"ref","journal article","Plant fossils from Arung Khola and Binai Khola Formations of Churia Group (Siwalik), west central Nepal and their palaeoecological and phytogeographical significance",1999,"M.","Konomatsu","N.","Awasthi","","",NA,"The Palaeobotanist",NA,NA,NA,NA,NA,NA,"48","","163","181","English","","auth"
6557,"ref","journal article","Fossil fruit and seed flora from the early Eocene Fisher/Sullivan site",1999,"B. H.","Tiffney","","","","R. E. Weems & J. G. J. Grimsley",NA,"Virginia Division of Mineral Resources Publication",NA,NA,NA,NA,NA,NA,"152","","139","159","English","","class"
33301,"ref","journal article","Organic-walled microfossils from Chert-phosphorite Member, Tal Formation, Precambrian-Cambrian Boundary, India",1999,"M.","Tiwari","","","","",NA,"Precambrian Research",NA,NA,NA,NA,NA,NA,"97","","99","113","English","","auth"
45281,"ref","journal article","Hojas de Angiospermas de la Formación Palo Pintado, Mioceno Superior, Salta, Argentina, Parte I: Anacardiaceae, Lauraceae y Moraceae",1998,"L. M.","Anzótegui","","","","",NA,"Ameghiniana",NA,NA,NA,NA,NA,NA,"35","1","25","32","Spanish","","auth"
48169,"ref","journal article","Estudios palinológicos de la Formación Baqueró (Cretácico), Provincia de Santa Cruz, Argentina. VIII",1998,"S.","Archangelsky","L.","Villar de Seoane","","",NA,"Ameghiniana",NA,NA,NA,NA,NA,NA,"35","1","7","19","Spanish","","auth,class"
46576,"ref","journal article","Edad y paleoambiente de la ""Serie del Yeso"", Valle del Cura, provincia de San Juan: evidencias palinológicas",1998,"V. D.","Barreda","P. R.","Gutiérrez","C. O. Limarino","",NA,"Ameghiniana",NA,NA,NA,NA,NA,NA,"35","3","321","335","Spanish","","auth"
24760,"ref","journal article","Coralline Red Algae (Corallinales, Rhodophyta) from the Upper Eocene Calcare di Nago (Lake Garda, Northern Italy)",1998,"D.","Bassi","","","","",NA,"Annali Universitá di Ferrara",NA,NA,NA,NA,NA,NA,"7 (suppl.)","","5","51","English","","auth"
80669,"ref","journal article","Oligocene-Miocene foraminifera of the Central Paratethys",1998,"L.","Cicha","F.","Rögl","C. Rupp, J. Čtyroká, Members of the 'working group on the foraminifera of the Central Paratethys'","",NA,"Abhandlungen der Senckenbergischen Naturforschenden Gesellschaft",NA,NA,NA,NA,NA,NA,"549","","1","325","English","","auth"
64756,"ref","journal article","Age constraint on the obduction of ophiolitic rocks in the Yap Island, Philippine Sea, using nannofossils",1998,"K.","Fujioka","H.","Matsuoka","G. Kimura, A. Takeuchi, H. Matsugi, H. Okada","",NA,"Journal of the Geological Society of Japan",NA,NA,NA,NA,NA,NA,"104","","415","418","English","10.5575/geosoc.104.415","auth,class"
43840,"ref","journal article","Palinología de la Formación Chiquimil (Mioceno superior) en Vallecito, provincia de Catamarca, Argentina. Parte I. Esporas: Especies nuevas",1998,"L. R.","Mautino","L. M.","Anzótegui","","",NA,"Ameghiniana",NA,NA,NA,NA,NA,NA,"35","2","227","233","Spanish","","auth"
7778,"ref","journal article","In Search of the First Flower: A Jurassic Angiosperm, Archaefructus, from Northeast China",1998,"G.","Sun","D. L.","Dilcher","S. Zheng, Z. Zhou","",NA,"Science",NA,NA,NA,NA,NA,NA,"282","","1692","1695","English","","auth,class"
13796,"ref","journal article","Radiolarians from the Lower Jurassic of the Busuanga Island, Philippines",1998,"K.-Y.","Yeh","Y.-N.","Cheng","","",NA,"Bulletin of the National Museum of Natural Science (Taiwan)",NA,NA,NA,NA,NA,NA,"11","","1","65","English","","auth,class"
46420,"ref","journal article","Palynomorph assemblage of the Chenque Formation, Late Oligocene?-Miocene from Golfo San Jorge Basin, Patagonia, Argentina. Part 3. Polycolpate and tricolporate pollen",1997,"V.","Barreda","","","","",NA,"Ameghiniana",NA,NA,NA,NA,NA,NA,"34","2","131","144","English","","auth,class"
46464,"ref","journal article","Palinomorph assemblage of the Chenque Formation, Late Oligocene?- Miocene from Golfo San Jorge Basin, Patagonia, Argentina, Part 4: polycolporate and porate pollen",1997,"V.","Barreda","","","","",NA,"Ameghiniana",NA,NA,NA,NA,NA,NA,"34","2","145","154","English","","auth,class"
46494,"ref","journal article","Palinoestratigrafía de la Formación San Julián en el área de Playa La Mina (provincia de Santa Cruz), Oligoceno de la Cuenca Austral",1997,"V.","Barreda","","","","",NA,"Ameghiniana",NA,NA,NA,NA,NA,NA,"34","3","283","294","Spanish","","auth"
13966,"ref","journal article","Mesozoic calcareous nannoplankton classification.",1997,"P. R.","Bown","J. R.","Young","","",NA,"Journal of Nannoplankton Research.",NA,NA,NA,NA,NA,NA,"19","","21","36","English","10.58998/jnr2027","auth,class"
9168,"ref","journal article","The Salt Mountain Limestone of Alabama",1997,"J. R.","Bryan","B. C.","Carter","R. J. Flugeman Jr., D. K. Krumm, T. A. Stemann","",NA,"Tulane Studies in Geology and Paleontology",NA,NA,NA,NA,NA,NA,"30","1","2","60","English","","auth,class"
55130,"ref","journal article","Evidence of Pleistocene plant extinction and diversity from Regatta Point, western Tasmania, Australia",1997,"G. J.","Jordan","","","","",NA,"Botanical Journal of the Linnean Society",NA,NA,NA,NA,NA,NA,"123","","45","71","English","10.1111/j.1095-8339.1997.tb01404.x","class"
2582,"ref","journal article","The Oligocene Bridge Creek flora of the John Day Formation, Oregon",1997,"H. W.","Meyer","S. R.","Manchester","","",NA,"University of California Publications in Geological Sciences",NA,NA,NA,NA,NA,NA,"141","","1","195","English","","auth"
55128,"ref","journal article","Estudio Palinológico de la Formación Pedro Luro (?Maastrichtiano-Paleoceno) en la Cuenca del Colorado, República Argentina. Parte 2: Turma Saccites, Plicates, Poroses e incertae Sedis",1997,"L. C.","Ruiz","M. E.","Quattrocchio","","",NA,"Revista Española de Micropaleontología",NA,NA,NA,NA,NA,NA,"29","2","115","137","Spanish","","class"
14024,"ref","journal article","Cenozoic calcareous nannoplankton classification",1997,"J. R.","Young","P. R.","Bown","","",NA,"Journal of Nannoplankton Research",NA,NA,NA,NA,NA,NA,"19","1","36","47","English","10.58998/jnr2278","class"
44552,"ref","journal article","Improntas foliares de una Lauraceae en la Formación Paraná (Mioceno Superior), en Villa Urquiza, Entre Ríos",1996,"P. G.","Aceñolaza","F. G.","Aceñolaza","","",NA,"Ameghiniana",NA,NA,NA,NA,NA,NA,"33","2","155","159","Spanish","","auth,class"
66877,"ref","journal article","Die Bivalvenfauna des Oberen Famenniums West-Europas. 2. Evolution, Palaogeographie, Paiaookologie, Systematik. 2. Palaeotaxodonta und Anomalodesmata",1996,"M. R.","Amler","","","","",NA,"Geologica et Palaeontologica",NA,NA,NA,NA,NA,NA,"30","","49","117","English","","auth"
48168,"ref","journal article","Estudios palinológico de la Formación Baqueró (Cretácico), provincia de Santa Cruz, Argentina. VII",1996,"S.","Archangelsky","L.","Villar de Seoane","","",NA,"Ameghiniana",NA,NA,NA,NA,NA,NA,"33","3","307","313","English","","auth,class"
65649,"ref","journal article","Taxonomic names, in Permian fusulinids from the Koryak terrane, northeastern Russia, and their paleobiogeographic affinity",1996,"V. I.","Davydov","","","","",NA,"Journal of Foraminiferal Research",NA,NA,NA,NA,NA,NA,"26","","213","243","English","","auth,class"
73721,"ref","journal article","Marine diatoms",1996,"G.R.","Hasle","E.E.","Syvertsen","","",NA,"In: Tomas, C.R. (ed.), Identifying marine diatoms and dinoflagellates. Academic Press, Inc",NA,NA,NA,NA,NA,NA,"","","5","385","English","","class"
30600,"ref","journal article","Well-preserved Tremadocian primitive Radiolaria from the Windfall Formation of the Antelope Range, Eureka County, Nevada, USA",1996,"H. W.","Kozur","H.","Mostler","J. E. Repetski","",NA,"Geol Paläont Mitt Innsbruck",NA,NA,NA,NA,NA,NA,"21","","245","271","English","","auth,class"
78641,"ref","journal article","A catalogue of Cenozoic megafossil plants in China",1996,"Y.-S.","Liu","S.-X.","Guo","D. K. Ferguson","",NA,"Palaeontographica Abteilung B",NA,NA,NA,NA,NA,NA,"238","","141","179","English","","auth,class"
45894,"ref","journal article","New required suprageneric names in vascular plants",1996,"J. L.","Reveal","","","","",NA,"Phytologia",NA,NA,NA,NA,NA,NA,"79","","68","76","English","","auth"
7477,"ref","journal article","Palaeocarpological investigations in the Villafranchian (Pliocene) of Italy",1995,"D. H.","Mai","","","","",NA,"Bollettino Museo Regionale di Scienze Naturali",NA,NA,NA,NA,NA,NA,"13","2","407","437","","","auth"
6474,"ref","journal article","A Cenomanian Flora from the Winton Formation, Eromanga Basin, Queensland, Australia",1995,"S.","McLoughlin","A. N.","Drinnan","A. C. Rozefelds","",NA,"Memoirs of the Queensland Museam",NA,NA,NA,NA,NA,NA,"38","1","273","313","","","auth,class"
32597,"ref","journal article","Late Anisian-Early Ladinian radiolarians and conodonts from Smarna Gora near Ljubljana, Slovenia",1995,"A.","Ramovs","S.","Gorican","","",NA,"Razprave Slovenska Akademija Znanosti in Umetnosti, Razred za Naravoslovne Vede",NA,NA,NA,NA,NA,NA,"36","9","179","221","English","","auth,class"
48164,"ref","journal article","Estudio palinológico de la Formación Baqueró (Cretácico), Provincia de Santa Cruz, Argentina. VI",1994,"S.","Archangelsky","L.","Villar de Seoane","","",NA,"Ameghiniana",NA,NA,NA,NA,NA,NA,"31","1","41","53","Spanish","","auth"
47732,"ref","journal article","Algues calcaires de la zone de Resita-Moldova Noua (Carpathes méridionales, Roumanie)",1994,"I. I.","Bucur","","","","",NA,"Revue de Paléobiologie",NA,NA,NA,NA,NA,NA,"","13","147","209","French","","auth,class"
57671,"ref","journal article","Algumas especies novas de graos de polen do Cretaceo Inferior do Nordeste do Brasil",1994,"R.","Dino","","","","",NA,"Boletim de geociencias da Petrobrás",NA,NA,NA,NA,NA,NA,"","","257","263","Portugese","","auth"
9719,"ref","journal article","Oligocene coral and algal reef and related facies of Valzemola (Savona, NW Italy)",1994,"P.","Fravega","M.","Piazza","R. Stockar, G. Vannucci","",NA,"Rivista Italiana di Paleontologia e Stratigrafia",NA,NA,NA,NA,NA,NA,"100","","423","456","","","auth"
57056,"ref","journal article","Palynology of the Yesomma Formation in northern Somalia: A study of pollen, spores and associated phytoplankton from the Late Cretaceous Palmae Province",1994,"E.","Schrank","","","","",NA,"Palaeontographica Abt. B",NA,NA,NA,NA,NA,NA,"231","","63","112","English","","auth,class"
87598,"ref","journal article","Devonian (Frasnian) radiolarians from the Gogo Formation, Canning Basin, Western Australia",1993,"J. C.","Aitchison","","","","",NA,"Palaeontographica Abteilung A",NA,NA,NA,NA,NA,NA,"228","04-Jun","105","128","English","","auth,class"
78598,"ref","journal article","Fossil flora from the Himalayan foot-hills of Darjeeling District, West Bengal and its palaeoecological and phytogeographical significance",1993,"J. S.","Antal","N.","Awasthi","","",NA,"The Palaeobotanist",NA,NA,NA,NA,NA,NA,"42","1","14","60","English","","auth,class"
9317,"ref","journal article","New anatomical characters in fossil coralline algae and their taxonomic implications",1993,"J. C.","Braga","D. W. J.","Bosence","R. S. Steneck","",NA,"Palaeontology",NA,NA,NA,NA,NA,NA,"36","3","535","547","","","auth"
85150,"ref","journal article","Marine phytoplankton of the world from class to genus",1993,"M. -J.","Chrétiennot-Dinet","A.","Sournia","M. Ricard, C. Billard","",NA,"Phycologia",NA,NA,NA,NA,NA,NA,"32","3","159","179","English","","auth,class"
55559,"ref","journal article","Aptian to Cenomanian palynomorphs from the Qarun 2-1 borehole, Western Desert, Egypt",1993,"S. Y. M.","El Beialy","","","","",NA,"Qatar University Science Journal",NA,NA,NA,NA,NA,NA,"13","2","152","160","English","","auth,class"
45340,"ref","journal article","Organic-walled microfossils from the Ganurgarh Shale Formation (Bhander Group, Vindhyan Supergroup), Hoshangabad, Madhya Pradesh, India",1993,"P. K.","Maithy","R.","Babu","","",NA,"Journal of The Palaeontological Society of India",NA,NA,NA,NA,NA,NA,"38","","43","49","English","","auth,class"
47986,"ref","journal article","Eocene to Pliocene coralline algae in the Queensland Plateau (northeastern Australia)",1993,"J. M.","Martín","J. C.","Braga","","",NA,"Proceedings of the Ocean Drilling Program, Scientific Results",NA,NA,NA,NA,NA,NA,"133","","","","English","","auth"
45083,"ref","journal article","Neoproterozoic (Vendian) Phytoplankton from the Sieberian Platform, Yakutia",1993,"M.","Moczydlowska","G.","Vidal","V. A. Rudavskaya","",NA,"Palaeontology",NA,NA,NA,NA,NA,NA,"36","3","395","521","English","","auth,class"
55224,"ref","journal article","Miocene broad-leaved Podocarpus from Foulden Hills, New Zealand",1993,"M.","Pole","","","","",NA,"Alcheringa",NA,NA,NA,NA,NA,NA,"","17","173","177","English","","auth,class"
41887,"ref","journal article","Middle Permian foraminifers from Ban Nam Suai Tha Sa-at, Changwat Loei, northeast Thailand",1993,"K.","Ueno","S.","Sakagami","","",NA,"Transactions and Proceedings of the Paleontological Society of Japan, N.S.",NA,NA,NA,NA,NA,NA,"172","","277","291","English","","auth,class"
43563,"ref","journal article","Muricingulisporis chenquensis, una nueva especie de espora de Pteridophyta del terciario de Patagonia, Argentina",1992,"V. D.","Barrera","","","","",NA,"Ameghiniana",NA,NA,NA,NA,NA,NA,"29","4","347","351","Spanish","","auth"
26260,"ref","journal article","Mittel bis oberdevonische Karbonate auf Blatt Weilburg (Rheinisches Schiefergebirge) und in Randgebieten: Initialstadien der Riffentwicklung auf Vulkanschwellen",1992,"W.","Buggisch","E.","Fluegel","","",NA,"Geologisches Jahrbuch Hessen",NA,NA,NA,NA,NA,NA,"120","","77","97","German","","auth"
6458,"ref","journal article","Late Permian Plant Megafossils from the Bowen Basin, Queensland, Australia: Part 1",1992,"S.","McLoughlin","","","","",NA,"Palaeontographica Abteilung B",NA,NA,NA,NA,NA,NA,"228","","105","149","","","auth,class"
55877,"ref","journal article","Late cretaceous palynofloras (sporomorphs and dinocysts) from the Kerguelen Plateau, southern Indian Ocean (Sites 748 and 750)",1992,"B. A. R.","Mohr","C. T.","Gee","","",NA,"Proceedings of the Ocean Drilling Program, Scientific Results",NA,NA,NA,NA,NA,NA,"120","","281","306","English","","auth,class"
32453,"ref","journal article","Lower and Middle Triassic radiolarians from Mt. Kinkazan, Gifu Prefecture, central Japan",1992,"K.","Sugiyama","","","","",NA,"Transactions and Proceedings of the Paleontological Society of Japan, N.S.",NA,NA,NA,NA,NA,NA,"167","","1180","1223","English","","auth,class"
11602,"ref","journal article","Notas sobre la flora fosil de la zona de Tico, Provincia de Santa Cruz. XI. Morfologia y estructura de tres megasporas",1991,"S.","Archangelsky","L.","Villar de Seoane","","",NA,"Ameghiniana",NA,NA,NA,NA,NA,NA,"28","03-Apr","353","364","Spanish","","auth"
41878,"ref","journal article","Late Permian fusulinacean fauna of Doi Pha Phlung, north Thailand",1991,"K.","Ueno","S.","Sakagami","","",NA,"Transactions and Proceedings of the Paleontological Society of Japan, N.S.",NA,NA,NA,NA,NA,NA,"164","","928","943","English","","auth,class"
43748,"ref","journal article","Determinación xilológica de la madera fósil de una Fagaceae, de la formación Río Turbio, (Eoceno), Santa Cruz, Argentina",1990,"E.","Ancibor","","","","",NA,"Ameghiniana",NA,NA,NA,NA,NA,NA,"27","01-Feb","179","184","Spanish","","auth"
43756,"ref","journal article","Nuevos hallazgos de microfloras y anuros Paleógenos en el Noroeste de Patagonia: implicancias Paleoambientales y Paleobiogeográficas",1990,"A. M.","Baez","M. C.","Zamaloa","E. J. Romero","",NA,"Ameghiniana",NA,NA,NA,NA,NA,NA,"27","01-Feb","83","94","Spanish","","auth,class"
26197,"ref","journal article","The lower Triassic sequences of the Dolomites (Italy) and transdanubian mid-mountains (Hungary) and their correlation",1990,"C.","Broglio Loriga","F.","Goczan","J. Haas, K. Lenner, C. Neri, A.S. Oravecz, R. Posenato, I. Szabo, A.M. Toth","",NA,"Memorie di Scienze Geologiche",NA,NA,NA,NA,NA,NA,"42","","41","103","English","","auth,class"
55894,"ref","journal article","Estudo palinilogico de sedimentos da Bacia de Ico, Cretaceo do Estado do Ceara, Brasil",1990,"M. R.","de Lima","","","","",NA,"Bol. IG Usp, Ser. Cient",NA,NA,NA,NA,NA,NA,"21","","35","46","Portugese","","auth,class"
14593,"ref","journal article","Middle Triassic radiolarians from Slovenia (Yugoslavia)",1990,"S.","Gorican","S.","Buser","","",NA,"Geologija",NA,NA,NA,NA,NA,NA,"31/32","","133","197","English","","auth,class"
9152,"ref","journal article","Das korallenführende Kimmeridgium der nordwestlichen iberischen Ketten und angrenzender Gebiete: Mikrofauna und -flora der Korallenkalke",1990,"E.","Wnendt-Juber","","","","",NA,"Palaeontographica Abteilung A",NA,NA,NA,NA,NA,NA,"214","","79","120","German","","auth,class"
