reference_no,publication_type,reftitle,pubyr,author1last,pubtitle,language,doi,aff1,aff2,aff3,aff4,aff5,aff6,aff7,aff8,aff9
43748,journal article,"Determinación xilológica de la madera fósil de una Fagaceae, de la formación Río Turbio, (Eoceno), Santa Cruz, Argentina",1990,Ancibor,Ameghiniana,Spanish,,Argentina,,,,,,,,
43756,journal article,Nuevos hallazgos de microfloras y anuros Paleógenos en el Noroeste de Patagonia: implicancias Paleoambientales y Paleobiogeográficas,1990,Baez,Ameghiniana,Spanish,,Argentina,,,,,,,,
55894,journal article,"Estudo palinilogico de sedimentos da Bacia de Ico, Cretaceo do Estado do Ceara, Brasil",1990,de Lima,"Bol. IG Usp, Ser. Cient",Portugese,,Brazil,,,,,,,,
14593,journal article,Middle Triassic radiolarians from Slovenia (Yugoslavia),1990,Gorican,Geologija,English,,Slovenia,,,,,,,,
26197,journal article,The lower Triassic sequences of the Dolomites (Italy) and transdanubian mid-mountains (Hungary) and their correlation,1990,Broglio Loriga,Memorie di Scienze Geologiche,English,,Italy,Hungary,,,,,,,
9152,journal article,Das korallenführende Kimmeridgium der nordwestlichen iberischen Ketten und angrenzender Gebiete: Mikrofauna und -flora der Korallenkalke,1990,Wnendt-Juber,Palaeontographica Abteilung A,German,,Germany,,,,,,,,
6420,book/book chapter,"Cenomanian Angiosperm Leaf Megafossils, Dakota Formation, Rose Creek Locality, Jefferson County, Southeastern Nebraska",1990,Upchurch,U.S. Geological Survey Bulletin 1915,,,USA,,,,,,,,
78197,book,The diatoms: biology and morphology of the genera,1990,Mann,,English,,UK,,,,,,,,
73842,book,The diatoms biology and morphology of the genera,1990,Round,,English,,,,,,,,,,
11602,journal article,"Notas sobre la flora fosil de la zona de Tico, Provincia de Santa Cruz. XI. Morfologia y estructura de tres megasporas",1991,Archangelsky,Ameghiniana,Spanish,,Argentina,,,,,,,,
13635,book/book chapter,,1991,Wu,"Organisms and Communities of Permian Reef of Xiangbo, China",English,,China,,,,,,,,
83118,journal article,"Cruciptera, a new Juglandaceous winged fruit from the Eocene and Oligocene of western North America",1991,Manchester,Systematic Botany,English,10.2307/2418873,USA,,,,,,,,
41878,journal article,"Late Permian fusulinacean fauna of Doi Pha Phlung, north Thailand",1991,Ueno,"Transactions and Proceedings of the Paleontological Society of Japan, N.S.",English,,Japan,,,,,,,,
83865,serial monograph,A Catalogue of Fossil Plants from India Part 2: Palaeozoic and Mesozoic Megafossils,1991,Chandra,,English,,India,,,,,,,,
83577,serial monograph,A Catalogue of Fossil Plants from India Part 6: Cenozoic (Quaternary) Palynology and Palaeobotany,1991,Chauhan,,English,,India,,,,,,,,
31651,M.S. thesis,"A vertebrate fauna from the Upper Triassic Owl Rock Member of the Chinle Formation in Northern Arizona, Northern Arizona University",1991,Kirby,,English,,USA,,,,,,,,
82996,serial monograph,A Catalogue of Fossil Plants from India Part 4: Cenozoic (Tertiary) Megafossils,1991,Srivastava,,English,,India,,,,,,,,
84749,serial monograph,A Catalogue of Fossil Plants from India Part 3A: Palaeozoic and Mesozoic Spores and Pollen,1991,Srivastava,,English,,India,,,,,,,,
43563,journal article,"Muricingulisporis chenquensis, una nueva especie de espora de Pteridophyta del terciario de Patagonia, Argentina",1992,Barrera,Ameghiniana,Spanish,,Argentina,,,,,,,,
322,,"Paleontology of the Eocene Bateque Formation, Baja California Sur, Mexico",1992,Squires,Contributions in Science (Natural History Museum of Los Angeles County),,,USA,,,,,,,,
26260,journal article,Mittel bis oberdevonische Karbonate auf Blatt Weilburg (Rheinisches Schiefergebirge) und in Randgebieten: Initialstadien der Riffentwicklung auf Vulkanschwellen,1992,Buggisch,Geologisches Jahrbuch Hessen,German,,Germany,,,,,,,,
3977,,"Geologie, Paläontologie und Palökologie der südostbayerischen unter-priabonen (Ober-Eozän) Riffkalkvorkommen bei Hallthurm (Nördliche Kalkalpen) und der Kirchbergs bei Neubeuern (Helvetikum)",1992,Darga,Münchner Geowissenschaftliche Abhandlungen,German,,Germany,,,,,,,,
78726,book,Taxonomic revision of the Neogene marine palynomorphs Cyclopsiella granosa (Matsuoka) and Batiacasphaera minuta (Matsuoka) and a new species of Pyxidinopsis Habib (Dinophyceae) from the Miocene of the Labrador Sea,1992,Matsuoka,Neogene and Quaternary Dinoflagellate cysts and Acritarchs ,English,,Japan,,,,,,,,
6458,journal article,"Late Permian Plant Megafossils from the Bowen Basin, Queensland, Australia: Part 1",1992,McLoughlin,Palaeontographica Abteilung B,,,Australia,,,,,,,,
55877,journal article,"Late cretaceous palynofloras (sporomorphs and dinocysts) from the Kerguelen Plateau, southern Indian Ocean (Sites 748 and 750)",1992,Mohr,"Proceedings of the Ocean Drilling Program, Scientific Results",English,,USA,Switzerland,Germany,,,,,,
42175,serial monograph,"Fusulinids, in Perm' Darvaz-Zaalayskoy zony Pamira: fusulinidy, ammonoidei, stratigrafiya",1992,Leven,"Rossiyskaya Akademiya Nauk, Trudy Paleontologicheskogo Instituta",Russian,,Russia,,,,,,,,
6789,serial monograph,Bennettitales of the English Wealden,1992,Watson,The Palaeontographical Society,,10.1080/25761900.2022.12131771,UK,,,,,,,,
29190,book/book chapter,Proterozoic and earliest Cambrian skeletal metazoans,1992,Bengtson,The Proterozoic Biosphere: A Multidisciplinary Study,English,,Sweden,USA,,,,,,,
32453,journal article,"Lower and Middle Triassic radiolarians from Mt. Kinkazan, Gifu Prefecture, central Japan",1992,Sugiyama,"Transactions and Proceedings of the Paleontological Society of Japan, N.S.",English,,Japan,,,,,,,,
55224,journal article,"Miocene broad-leaved Podocarpus from Foulden Hills, New Zealand",1993,Pole,Alcheringa,English,,Australia,,,,,,,,
45340,journal article,"Organic-walled microfossils from the Ganurgarh Shale Formation (Bhander Group, Vindhyan Supergroup), Hoshangabad, Madhya Pradesh, India",1993,Maithy,Journal of The Palaeontological Society of India,English,,India,,,,,,,,
32270,serial monograph,"Biochronology and paleontology of uppermost Triassic (Rhaetian) radiolarians, Queen Charlotte Islands, British Columbia, Canada",1993,Carter,Memoires de Geologie,English,,Switzerland,,,,,,,,
87598,journal article,"Devonian (Frasnian) radiolarians from the Gogo Formation, Canning Basin, Western Australia",1993,Aitchison,Palaeontographica Abteilung A,English,,Australia,,,,,,,,
8995,serial monograph,"Flora of the Ravenscrag Formation (Paleocene), Southwestern Saskatchewan, Canada",1993,McIver,Palaeontographica Canadiana,,,Canada,,,,,,,,
9317,journal article,New anatomical characters in fossil coralline algae and their taxonomic implications,1993,Braga,Palaeontology,,,Spain,UK,USA,,,,,,
45083,journal article,"Neoproterozoic (Vendian) Phytoplankton from the Sieberian Platform, Yakutia",1993,Moczydlowska,Palaeontology,English,,Sweden,Russia,,,,,,,
85150,journal article,Marine phytoplankton of the world from class to genus,1993,Chrétiennot-Dinet,Phycologia,English,,France,,,,,,,,
47986,journal article,Eocene to Pliocene coralline algae in the Queensland Plateau (northeastern Australia),1993,Martín,"Proceedings of the Ocean Drilling Program, Scientific Results",English,,USA,Spain,,,,,,,
55559,journal article,"Aptian to Cenomanian palynomorphs from the Qarun 2-1 borehole, Western Desert, Egypt",1993,El Beialy,Qatar University Science Journal,English,,Qatar,,,,,,,,
78598,journal article,"Fossil flora from the Himalayan foot-hills of Darjeeling District, West Bengal and its palaeoecological and phytogeographical significance",1993,Antal,The Palaeobotanist,English,,India,,,,,,,,
41887,journal article,"Middle Permian foraminifers from Ban Nam Suai Tha Sa-at, Changwat Loei, northeast Thailand",1993,Ueno,"Transactions and Proceedings of the Paleontological Society of Japan, N.S.",English,,Japan,,,,,,,,
48164,journal article,"Estudio palinológico de la Formación Baqueró (Cretácico), Provincia de Santa Cruz, Argentina. VI",1994,Archangelsky,Ameghiniana,Spanish,,Argentina,,,,,,,,
57671,journal article,Algumas especies novas de graos de polen do Cretaceo Inferior do Nordeste do Brasil,1994,Dino,Boletim de geociencias da Petrobrás,Portugese,,Brazil,,,,,,,,
47703,serial monograph,"Paleobiology of the Neoproterozoic Svanbergfjellet Formation, Spitsbergen",1994,Butterfield,Fossils & Strata,English,,USA,,,,,,,,
69092,journal article,Lower Jurassic beds with bivalves in south Slovenia (Spodnjejurske plasti s školjkami v južni Sloveniji),1994,Buser,Geologija (Ljubljana),English,10.5474/geologija.1995.001,Slovenia,,,,,,,,
55216,book chapter,The Oligo-Miocene coal floras of southeastern Australia,1994,Blackburn,History of the Australian Vegetation: Cretaceous to Recent,English,,Australia,,,,,,,,
54802,book chapter,The early Tertiary macrofloras of continental Australia,1994,Christophel,History of the Australian Vegetation. Cretaceous to Recent,English,,Australia,,,,,,,,
57056,journal article,"Palynology of the Yesomma Formation in northern Somalia: A study of pollen, spores and associated phytoplankton from the Late Cretaceous Palmae Province",1994,Schrank,Palaeontographica Abt. B,English,,Germany,,,,,,,,
47732,journal article,"Algues calcaires de la zone de Resita-Moldova Noua (Carpathes méridionales, Roumanie)",1994,Bucur,Revue de Paléobiologie,French,,Romania,,,,,,,,
9719,journal article,"Oligocene coral and algal reef and related facies of Valzemola (Savona, NW Italy)",1994,Fravega,Rivista Italiana di Paleontologia e Stratigrafia,,,Italy,,,,,,,,
74170,book chapter,"Carbonate buildup in the Lakadong Formation of the South Shillong Plateau, NE India: A micropaleontological perspective ",1994,Jauhri,Studies on ecology and paleoecology of benthic communities,English,,India,,,,,,,,
6444,serial monograph,"The Megaflora from the Quantico Locality (Upper Albian), Lower Cretaceous Potomac Group of Virginia",1994,Upchurch,Virginia Museum of Natural History,,,USA,,,,,,,,
75360,book chapter,"Membrane heredity, symbiogenesis, and the multiple origins of algae",1995,Cavalier-Smith,Biodiversity and evolution,English,,Canada,,,,,,,,
7477,journal article,Palaeocarpological investigations in the Villafranchian (Pliocene) of Italy,1995,Mai,Bollettino Museo Regionale di Scienze Naturali,,,Germany,,,,,,,,
71506,serial monograph,"Keuper (Triassic) Flora from Middle Asia (Madygen, Southern Fergana)",1995,Dobruskina,Bulletin of the New Mexico Museum of Natural History & Science,English,,Israel,,,,,,,,
15344,abstract,Reefal buildups by dasycladacean algae in the Tithonian of Languedoc (France),1995,Bodeur,Coral Reefs in the Past Present and Future. Publ. Serv. Geol. Luxembourg,English,,France,,,,,,,,
6474,journal article,"A Cenomanian Flora from the Winton Formation, Eromanga Basin, Queensland, Australia",1995,McLoughlin,Memoirs of the Queensland Museam,,,Australia,,,,,,,,
32597,journal article,"Late Anisian-Early Ladinian radiolarians and conodonts from Smarna Gora near Ljubljana, Slovenia",1995,Ramovs,"Razprave Slovenska Akademija Znanosti in Umetnosti, Razred za Naravoslovne Vede",English,,Slovenia,,,,,,,,
12583,Ph.D. thesis,"Palökologische Verwertbarkeit oberjurassisch-unterkretazischer Radiolarienfaunen mit Beispielen aus Antarktis, Oman und Südalpen",1995,Kiessling,"Unpublished Ph.D. University of Erlangen, Germany",German,,Germany,,,,,,,,
44552,journal article,"Improntas foliares de una Lauraceae en la Formación Paraná (Mioceno Superior), en Villa Urquiza, Entre Ríos",1996,Aceñolaza,Ameghiniana,Spanish,,Argentina,,,,,,,,
48168,journal article,"Estudios palinológico de la Formación Baqueró (Cretácico), provincia de Santa Cruz, Argentina. VII",1996,Archangelsky,Ameghiniana,English,,Argentina,,,,,,,,
30600,journal article,"Well-preserved Tremadocian primitive Radiolaria from the Windfall Formation of the Antelope Range, Eureka County, Nevada, USA",1996,Kozur,Geol Paläont Mitt Innsbruck,English,,Hungary,Austria,USA,,,,,,
66877,journal article,"Die Bivalvenfauna des Oberen Famenniums West-Europas. 2. Evolution, Palaogeographie, Paiaookologie, Systematik. 2. Palaeotaxodonta und Anomalodesmata",1996,Amler,Geologica et Palaeontologica,English,,Germany,,,,,,,,
73721,journal article,Marine diatoms,1996,Hasle,"In: Tomas, C.R. (ed.), Identifying marine diatoms and dinoflagellates. Academic Press, Inc",English,,,,,,,,,,
65649,journal article,"Taxonomic names, in Permian fusulinids from the Koryak terrane, northeastern Russia, and their paleobiogeographic affinity",1996,Davydov,Journal of Foraminiferal Research,English,,Russia,USA,,,,,,,
215,,"Upper Cretaceous macrofossils from the Duwi Formation of the Nile Valley, southern Egypt",1996,Kassab,Neues Jahrbuch fuer Geologie und Palaeontologie-Abhandlungen,,,,,,,,,,,
78641,journal article,A catalogue of Cenozoic megafossil plants in China,1996,Liu,Palaeontographica Abteilung B,English,,China,Austria,,,,,,,
45894,journal article,New required suprageneric names in vascular plants,1996,Reveal,Phytologia,English,,USA,,,,,,,,
46420,journal article,"Palynomorph assemblage of the Chenque Formation, Late Oligocene?-Miocene from Golfo San Jorge Basin, Patagonia, Argentina. Part 3. Polycolpate and tricolporate pollen",1997,Barreda,Ameghiniana,English,,Argentina,,,,,,,,
46464,journal article,"Palinomorph assemblage of the Chenque Formation, Late Oligocene?- Miocene from Golfo San Jorge Basin, Patagonia, Argentina, Part 4: polycolporate and porate pollen",1997,Barreda,Ameghiniana,English,,Argentina,,,,,,,,
46494,journal article,"Palinoestratigrafía de la Formación San Julián en el área de Playa La Mina (provincia de Santa Cruz), Oligoceno de la Cuenca Austral",1997,Barreda,Ameghiniana,Spanish,,Argentina,,,,,,,,
18176,serial monograph,"Die Fauna des marinen Miozäns von Kevelaer (Niederrhein). Band 1 Foraminiferen, Anthozoen.",1997,Wienrich,"Backhuys Publishers, Leiden",German,,Germany,,,,,,,,
55130,journal article,"Evidence of Pleistocene plant extinction and diversity from Regatta Point, western Tasmania, Australia",1997,Jordan,Botanical Journal of the Linnean Society,English,10.1111/j.1095-8339.1997.tb01404.x,Australia,,,,,,,,
14024,journal article,Cenozoic calcareous nannoplankton classification,1997,Young,Journal of Nannoplankton Research,English,10.58998/jnr2278,UK,,,,,,,,
13966,journal article,Mesozoic calcareous nannoplankton classification.,1997,Bown,Journal of Nannoplankton Research.,English,10.58998/jnr2027,UK,,,,,,,,
19727,serial monograph,Primera evidencia de un área de alimentación de dinosaurios herbívoros en el Cretácico Inferior de España (Teruel) [First evidence of a feeding area of herbivorous dinosaurs in the Lower Cretaceous of Spain (Teruel)],1997,Ruiz-Omeñaca,"Monografias de la Academia de Ciencias Exactas, Fisicas, Quimicas y Naturales de Zaragoza",Spanish,,Spain,,,,,,,,
55128,journal article,"Estudio Palinológico de la Formación Pedro Luro (?Maastrichtiano-Paleoceno) en la Cuenca del Colorado, República Argentina. Parte 2: Turma Saccites, Plicates, Poroses e incertae Sedis",1997,Ruiz,Revista Española de Micropaleontología,Spanish,,Argentina,,,,,,,,
9410,book/book chapter,,1997,Kenrick,The Origin and Early Diversification of Land Plants: a Cladistic Study,,,,,,,,,,,
9168,journal article,The Salt Mountain Limestone of Alabama,1997,Bryan,Tulane Studies in Geology and Paleontology,English,,USA,,,,,,,,
2582,journal article,"The Oligocene Bridge Creek flora of the John Day Formation, Oregon",1997,Meyer,University of California Publications in Geological Sciences,English,,USA,,,,,,,,
80669,journal article,Oligocene-Miocene foraminifera of the Central Paratethys,1998,Cicha,Abhandlungen der Senckenbergischen Naturforschenden Gesellschaft,English,,,,,,,,,,
45281,journal article,"Hojas de Angiospermas de la Formación Palo Pintado, Mioceno Superior, Salta, Argentina, Parte I: Anacardiaceae, Lauraceae y Moraceae",1998,Anzótegui,Ameghiniana,Spanish,,Argentina,,,,,,,,
48169,journal article,"Estudios palinológicos de la Formación Baqueró (Cretácico), Provincia de Santa Cruz, Argentina. VIII",1998,Archangelsky,Ameghiniana,Spanish,,Argentina,,,,,,,,
46576,journal article,"Edad y paleoambiente de la ""Serie del Yeso"", Valle del Cura, provincia de San Juan: evidencias palinológicas",1998,Barreda,Ameghiniana,Spanish,,Argentina,,,,,,,,
43840,journal article,"Palinología de la Formación Chiquimil (Mioceno superior) en Vallecito, provincia de Catamarca, Argentina. Parte I. Esporas: Especies nuevas",1998,Mautino,Ameghiniana,Spanish,,Argentina,,,,,,,,
24760,journal article,"Coralline Red Algae (Corallinales, Rhodophyta) from the Upper Eocene Calcare di Nago (Lake Garda, Northern Italy)",1998,Bassi,Annali Universitá di Ferrara,English,,Italy,,,,,,,,
13796,journal article,"Radiolarians from the Lower Jurassic of the Busuanga Island, Philippines",1998,Yeh,Bulletin of the National Museum of Natural Science (Taiwan),English,,Taiwan,,,,,,,,
13960,book/book chapter,Calcareous Nannofossil Biostratigraphy,1998,Bown,"Calcareous Nannofossil Biostratigraphy, Kluwer Academic",English,,UK,,,,,,,,
8989,serial monograph,"Biochronology and paleontology of Lower Jurassic (Hettangian and Sinemurian) radiolarians, Queen Charlotte Islands, British Columbia",1998,Carter,Geological Survey of Canada Bulletin,English,,USA,,,,,,,,
64756,journal article,"Age constraint on the obduction of ophiolitic rocks in the Yap Island, Philippine Sea, using nannofossils",1998,Fujioka,Journal of the Geological Society of Japan,English,10.5575/geosoc.104.415,Japan,,,,,,,,
7778,journal article,"In Search of the First Flower: A Jurassic Angiosperm, Archaefructus, from Northeast China",1998,Sun,Science,English,,China,USA,,,,,,,
18999,journal article,"Lower Cretaceous dasyclad algae from the Padurea Crailului Massif (northern Apuseni Mountains, Romania)",1999,Bucur,Acta Palaeontologica Romaniae,English,,Romania,,,,,,,,
24764,journal article,Early Norian Radiolaria from Cyprus,1999,Bragin,Geodiversitas,English,,Russia,,,,,,,,
42261,serial monograph,"Biostratigraphy and Systematics of late Middle to Late Triassic Radiolarians from the Taurus Mountains and Ankara Region, Turkey",1999,Tekin,Geologisch-Paläontologische Mitteilungen Innsbruck,English,,Turkey,,,,,,,,
800,,Late Jurassic radiolarians from the Antarctic Peninsula,1999,Kiessling,Micropaleontology,,,Germany,,,,,,,,
57681,journal article,Upper Cretaceous pollen grains from Egypt III,1999,Kedves,Plant cell biology and development,English,,Hungary,,,,,,,,
33301,journal article,"Organic-walled microfossils from Chert-phosphorite Member, Tal Formation, Precambrian-Cambrian Boundary, India",1999,Tiwari,Precambrian Research,English,,India,,,,,,,,
13571,journal article,"The Prati di Stuores/Stuores Wiesen Section (Dolomites, Italy): a candidate Global Stratotype Section and Point for the base of the Carnian stage.",1999,Broglio Loriga,Rivista Italiana di Paleontologia e Stratigrafia,English,,Italy,Switzerland,,,,,,,
43447,book/book chapter,"New data on Xenotheca devonica Arber and Goode, an enigmatic early seed plant cupule with preovules",1999,Hilton,The Evolution of Plant Architecture,English,,UK,,,,,,,,
78497,journal article,"Plant fossils from Arung Khola and Binai Khola Formations of Churia Group (Siwalik), west central Nepal and their palaeoecological and phytogeographical significance",1999,Konomatsu,The Palaeobotanist,English,,India,,,,,,,,
6557,journal article,Fossil fruit and seed flora from the early Eocene Fisher/Sullivan site,1999,Tiffney,Virginia Division of Mineral Resources Publication,English,,USA,,,,,,,,
46161,journal article,"Palinoestratigrafía de depósitos del Oligoceno tardío-Mioceno en el área sur del Golfo San Jorge, provincia de Santa Cruz, Argentina",2000,Barreda,Ameghiniana,Spanish,,Argentina,,,,,,,,
46203,journal article,"Palinomorfos continentales y marinos de la Formación Monte León en su área tipo, provincia de Santa Cruz, Argentina",2000,Barreda,Ameghiniana,Spanish,,Argentina,,,,,,,,
43854,journal article,"Esporas del Mioceno y retrabajadas del Mesozoico en la Formación Chiquimil, Vallecito, provincia de Catamarca",2000,Mautino,Ameghiniana,Spanish,,Argentina,,,,,,,,
46609,journal article,"Palinología del Paleogeno tardío-Neógeno temprano, pozo Aries x-1, plataforma Continental Argentina, Tierra del Fuego",2000,Palamarczuk,Ameghiniana,Spanish,,Argentina,,,,,,,,
78640,journal article,Plant megafossils from the Siwalik sediments of Bhutan and their climatic significance,2000,Prasad,Biological Memoirs,English,,India,,,,,,,,
4262,journal article,Late Campanian-Maastrichtian corals from the United Arab Emirates-Oman border region,2000,Baron-Szabo,Bulletin of the Natural History Museum of London (Geology),,,Germany,,,,,,,,
8820,book/book chapter,"The Plant-Book, 2nd ed.",2000,Mabberley,"Cambridge University Press, Cambridge, UK, 858 p.",,,,,,,,,,,
83246,journal article,"Tetrataxidae, Palaeotextulariidae y Biseriamminidae (Foraminiferida) del Mississippiense del Área del Guadiato (Córdoba, España)",2000,Cozár,Coloquios de Paleontología,Spanish,,Spain,,,,,,,,
74030,journal article,"Fossil coralline algae from the Paleocene Montorfano Member type-section (Tabiago Formation, northern Italy)",2000,Stockar,Eclogae Geologicae Helvetiae,English,http://doi.org/10.5169/seals-168831,Switzerland,,,,,,,,
36450,journal article,"Les algues dasycladales du Permien et du Trias: nouvelle tentative d' inventaire bibliographique, géographique et stratigraphique",2000,Granier,Geologica Croatica,French,,France,Croatia,,,,,,,
9348,book/book chapter,A sequence stratigraphic reference section for the Tithonian of Lebanon,2000,Toland,"Middle East models of Jurassic/Cretaceous carbonate systems. SEPM, Special Publication",,,UK,,,,,,,,
44169,journal article,"Taxonomic and biostratigraphical re-assessments of Subterraniphyllum Elliott (Corallinales, Rhodophyta)",2000,Bassi,Palaeontology,English,,Italy,Australia,Germany,,,,,,
82875,journal article,"Bangiomorpha pubescens n. gen., n. sp.: implications for the evolution of sex, multicellularity, and the Mesoproterozoic/Neoproterozoic radiation of eukaryotes",2000,Butterfield,Paleobiology,English,10.1666/0094-8373(2000)026<0386:BPNGNS>2.0.CO;2,UK,,,,,,,,
8954,journal article,Neuralethopterids (Trigonocarpalean Pteridosperms) from the Early Pennsylvanian of eastern North America,2000,Goubet,PaleoBios,,,,,,,,,,,
41874,journal article,New taxa of foraminifera from the Bashkirian of the Urals,2000,Ivanova,Paleontological Journal,English,,Russia,,,,,,,,
10118,journal article,Obertriadische (Nor) Dasycladaceen aus der Nayband-Formation vom Zentraliran,2000,Senowbari-Daryan,Revue Paléobiologie,German,,Germany,Iran,,,,,,,
77827,journal article,Revision and re-documentation of M. Airoldi's species of Archaeolithothamnium from the Tertiary Piedmont Basin (nw Italy),2000,Vannucci,Rivista Italiana di Paleontologia e Stratigrafia,English,,Italy,,,,,,,,
77565,journal article,"贵州紫云晒瓦群中放射虫Neoalbaillella 动物群的发现 (Discovery of the Neoalbaillella radiolarian fauna in the Shaiwa Group of Ziyun District, Guizhou)",2001,Wang,Acta Micropalaeontologica Sinica,Chinese,,China,,,,,,,,
43867,journal article,"Maderas fósiles de Combretaceae de la Formación El Palmar (Pleistoceno), Entre Ríos, Argentina",2001,Brea,Ameghiniana,Spanish,,Argentina,,,,,,,,
13736,book/book chapter,Radiolarians in the sedimentary record,2001,De Wever,London (Gordon & Breach Sc),English,,,,,,,,,,
75778,journal article,"Late Cretaceous diatoms (Bacillariophyceae) from the Marca shale member of the Moreno formation, California",2001,Nikolaev,Occasional papers of the California Academy of Sciences,English,,Russia,USA,,,,,,,
77671,journal article,Palaeocene Rhodophycean algae from the Ninniyur Formation of the Cauvery Basin southern India,2001,Misra,Palaeobotanist,English,,India,,,,,,,,
7828,journal article,"Middle Paleogene palynology of Central Colombia, South America: A study of pollen and spores from tropical latitudes",2001,Jaramillo,Palaeontographica Abteilung B,English,10.1127/palb/258/2001/87,USA,,,,,,,,
45840,journal article,"Jurinodendron-a New Replacement Name for Cyclostigma S. Haughton ex 0. Heer, 1871 (Lycopodiophyta)",2001,Doweld,Paleontologicheskii Zhurnal,Russian,,Russia,,,,,,,,
49488,journal article,"Middle Cretaceous Microflora from the Huincul Formation (""Dinosaurian Beds"") in theNeuquén Basin, Patagonia, Argentina",2001,Vallati,Palynology,English,10.2113/0250179,Argentina,,,,,,,,
27966,journal article,"Grupo Bauru: uma unidade continental do Cretáceo no Brasil – concepções baseadas em dados micropaleontológicos, isotópicos e estratigráficos [Bauru Group: a continental unit from the Cretaceous of Brazil – concepts based on micropaleontological, isotopic, and stratigraphic data]",2001,Dias-Brito,Revue de Paléobiologie,Portugese,,Brazil,Argentina,,,,,,,
80661,journal article,Fossil wood and foliage of Castanea (Fagaceae) from the Upper Oligocene of northern Bohemia,2001,Sakala,Vûstník âeského geologického ústavu [Bulletin of the Czech Geological Survey],English,,Czech Republic,,,,,,,,
72298,journal article,The mangrove palem Nypa in the geologic past of the New World,2001,Gee,Wetlands Ecology and Management,English,,Germany,,,,,,,,
55420,Ph.D. thesis,"Paleoenvironmental reconstruction based on palynological and palynofacies analyses of the Aptian-Albian succession in the Sergipe Basin, northeastern Brazil",2001,Araujo Carvalho,,English,,Germany,,,,,,,,
45836,book,Prosyllabus Tracheophytorum. Tentamen Systematis Plantarum Vascularium,2001,Doweld,,English,,Russia,,,,,,,,
43893,journal article,"Palinología de la Formación Chiquimil (Mioceno Superior), en Río Vallecito, provincia de Catamarca, Argentina. Parte 2. Polen",2002,Mautino,Ameghiniana,Spanish,,Argentina,,,,,,,,
43933,journal article,"Palinología de la Formación Chiquimil (Mioceno Superior), en Río Vallecito, provincia de Catamarca, Argentina. Parte 3. Polen",2002,Mautino,Ameghiniana,Spanish,,Argentina,,,,,,,,
55144,journal article,"Nueva microflora de edad maastichtiana en la localidad de Calmu-Co, sur de Mendoza, Argentina",2002,Papú,Ameghiniana,Spanish,,Argentina,,,,,,,,
6930,serial monograph,A compendium of fossil marine animal genera,2002,Sepkoski,Bulletins of American Paleontology,English,,USA,,,,,,,,
32745,journal article,"A new Tertiary Ceratozamia (Zamiaceae, Cycadopsida) from the European Oligocene",2002,Kvacek,Flora,English,,Czech Republic,,,,,,,,
32433,journal article,"Uppermost Changxingian (Permian) radiolarian fauna from southern Guizhou, southwestern China",2002,Feng,Journal of Paleontology,English,10.1666/0022-3360(2002)076<0797:ucprff>2.0.co;2,China,,,,,,,,
30606,journal article,"Late Cambrian radiolarian faunas and biostratigraphy of the Cow Head Group, western Newfoundland",2002,Won,Journal of Paleontology,English,10.1017/s0022336000017315,South Korea,Canada,,,,,,,
35535,journal article,"Macroscopic carbonaceous compressions in a terminal Proterozoic shale: a systematic reassessment of the Miaohe biota, south China",2002,Xiao,Journal of Paleontology,English,10.1017/s0022336000041743,USA,China,Germany,UK,,,,,
13548,journal article,Mass spawning in ancient reef communities: Evidence from Late Paleozoic phylloid algae,2002,Forsythe,Palaios,,10.1669/0883-1351(2002)017<0615:msiarc>2.0.co;2,UK,,,,,,,,
45845,journal article,"Annulina M.F. Neuburg: Illegitimate generic name replaced by Umbellaphyllites Rasskazova, 1961 (Equisetophyta)",2002,Doweld,Paleontologicheskii Zhurnal,Russian,,Russia,,,,,,,,
49056,journal article,"Paleoflora de la Formación Ligorio Márquez (XI Región, Chile) en su localidad tipo: sistemática, edad e implicancias paleoclimáticas",2002,Troncoso,Revista Geológica de Chile,English,10.4067/S0716-02082002000100007 ,Chile,,,,,,,,
16637,journal article,"Late Triassic (Late Norian-Rhaetian) radiolarians from the Antalya Nappes, Central Taurides, Southern Turkey",2002,Tekin,Rivista Italiana di Paleontologia e Stratigrafia,English,,Turkey,,,,,,,,
70346,journal article,Origins of Polyploidy in Coast Redwood (Sequoia sempervirens (D. DON) ENDL.) and Relationship of Coast Redwood to other Genera of Taxodiaceae,2002,Ahuja,Silvae Genetica,English,,USA,,,,,,,,
58180,journal article,"Nuevos hallazgos de palinomorfos en la Formación La Amarga, Miembro Bañados de Caichigüe, cuenca Neuquina sud oriental, Argentina",2002,Pramparo,,Spanish,,Argentina,,,,,,,,
48162,journal article,"Palinología de la Formación kachaike, Cretácico Inferior de la Cuenca Austral, provincia de Santa Cruz. I-Esporas lisas y cinguladas",2003,Archangelsky,Ameghiniana,Spanish,,Argentina,,,,,,,,
34839,journal article,"Cyathea cranhamii sp. nov. (Cyatheaceae), anatomically preserved tree fern sori from the Lower Cretaceous of Vancouver Island, British Columbia",2003,Smith,American Journal of Botany,English,,Canada,USA,,,,,,,
47464,journal article,"Nongeniculate Coralline Algae from Lower Pliocene to Late Pleistocene of Dwarka - Okha Area, Jamnagar, Gujarat",2003,Kundal,Bulletin of the Oil and Natural Gas Corporation Limited,English,,India,,,,,,,,
30757,journal article,Lower Aptian agglutinated foraminifera from the Southern Dobrogea and SE part of the Moesian Platform,2004,Neagu,Acta Palaeontologica Romaniae,English,,Romania,,,,,,,,
44594,journal article,"Megaflora (hojas y frutos) de la Formación San José (Mioceno Medio) en río Seco, departamento Santa María, provincia de Catamarca, Argentina",2004,Anzótegui,Ameghiniana,Spanish,,Argentina,,,,,,,,
50154,journal article,"A number of additional and revised taxa from the Ladinian flora of the Dolomites, Northern Italy",2004,Kustatscher,Geo.Alp,English,,Italy,The Netherlands,,,,,,,
32488,journal article,"Late Permian radiolarians and sponge spicules from the Tongtianyan section, Liuzhou, Gungxi, China",2004,Kuwahara,"Journal of Geosciences, Osaka City University",English,,,,,,,,,,
65025,journal article,"An unmineralized alga from the Lower Cambrian of California, USA",2004,Waggoner,Neues Jahrbuch für Geologie und Paläontologie - Abhandlungen,English,10.1127/njgpa/231/2004/67,USA,,,,,,,,
43995,journal article,"Coralline Algae from the Ninniyur Formation (Thanetian) of the Cauvery Basin, South India",2004,Kishore,Our Nature,English,10.3126/on.v2i1.316,India,,,,,,,,
42469,journal article,Permian Fusulinids (Foraminifera) of the Subsurface of Israel: Taxonomy and Biostratigraphy,2004,Orlov-Labkovsky,Revista Española de Micropaleontología,English,,Israel,,,,,,,,
81475,journal article,Late Triassic charophytes around the bone-bearing bed at Krasiejów (SW Poland) – palaeoecological and environmental remarks,2005,Zatoń,Acta Geologica Polonica,English,,Poland,,,,,,,,
59282,journal article,"Middle Eocene flora of Huadian, Jilin Province, Northeastern China",2005,Manchester,Acta Palaeobotanica,English,,USA,China,,,,,,,
27506,book/book chapter,"Fossil plants from the Union Chapel Mine, Alabama",2005,Dilcher,Alabama Paleontological Society Monograph,English,,USA,,,,,,,,
48165,journal article,"Palinología de la Formación Kachaike, Cretácico Inferior de la Cuenca Austral, provincia de Santa Cruz. II. Esporas",2005,Archangelsky,Ameghiniana,Spanish,,Argentina,,,,,,,,
23357,journal article,"A fossilized aroid infructescence, Albertarum pueri geno. nov. et sp. nov., of Late Cretaceous (late Campanian) age from the Horseshoe Canyon Formation of southern Alberta, Canada",2005,Bogner,Canadian Journal of Earth Sciences,English,,Germany,Canada,,,,,,,
81981,journal article,"Paleoecology of the Permian (Wolfcampian) Phylloid Alga Calcipatera from an In Situ Occurrence in Kansas, U.S.A.",2005,Sawin,Current Research in Earth Sciences,English,10.17161/cres.v0i251.11835,USA,,,,,,,,
27116,journal article,"Record of rhodoliths from Aramda Reef Member (Late Pleistocene to Holocene) of Chaya Formation, Dwarka-Okha area, Gujarat and their paleoenvironmental significance",2005,Kundal,Current Science,English,,India,,,,,,,,
77887,journal article,"Calcareous algae from the limestone unit of Hut Bay Formation (Late Middle Miocene) of Little Andaman Island, India",2005,Saxena,Glimpses of Indian Phycology,English,,India,,,,,,,,
86054,journal article,"NIEUWE GEOLOGISCHE, PALYNOLOGISCHE EN PALEOBOTANISCHE GEGEVENS (MUSCHELKALK, RHAETIEN-LIAS EN OLIGOCEEN) uit de steengroeven van Winterswijk",2005,Herngreen,Grondboor & Hamer,other,,The Netherlands,,,,,,,,
13990,book/book chapter,"Upper Cretaceous calcareous nannofossil biostratigraphy, OPD 198 (Skatsky Rise, Northwest Pacific).",2005,Lees,"in T. J. Bralower, I. Premoli Silva and M. J. Malone, eds., Proceedings of the Ocean Drilling Program, Scientific Results, 198 [Online].",English,,,,,,,,,,
32418,journal article,"Permian and Triassic radiolarians from the western Guangxi area, China",2005,Yao,"Journal of Geosciences, Osaka City University",English,,,,,,,,,,
24720,journal article,Benthic foraminifers and palaeoenvironment in the Lower and Middle Jurassic of the Western Basque-Cantabrian Basin (Northern Spain),2005,Gräfe,Journal of Iberian Geology,English,,,,,,,,,,
27428,journal article,"Extinction, survival, and recovery of lagenide foraminifers in the Permian-Triassic boundary interval, central Taurides, Turkey",2005,Groves,Paleontological Society Memoir,English,,Japan,,,,,,,,
25689,journal article,"Triassic hamimedaceans: new genera and species from the Alps, Sicily and southern Apennines",2005,Senowbari-Daryan,Revista Espanola de Micropaleontologia,English,,Italy,Germany,,,,,,,
48091,journal article,"Estudios palinológicos del Grupo Baqueró (Cretácico inferior), provincia de Santa Cruz, Argentina. IX polen bisacado de Podocarpaceae",2005,Archangelsky,Revista Española de Paleontología,Spanish,,Argentina,,,,,,,,
43936,journal article,"Leños fósiles de Boraginaceae de la Formación Peñas Coloradas (Paleoceno superior), Puerto Visser, Chubut, Argentina",2006,Brea,Ameghiniana,Spanish,,Argentina,,,,,,,,
49481,journal article,"Palynological and paleoenvironmental significance of the Tunal Formation (Danian) at its type locality, El Chorro creek (Salta, Argentina)",2006,Volkheimer,Ameghiniana,English,,Argentina,,,,,,,,
67517,book chapter,"Taxonomy, biostratigraphy, and phylogeny of Eocene Turborotalia",2006,Pearson,Atlas of Eocene planktonic foraminifera. Cushman Foundation Special Publication,English,,UK,Croatia,Italy,,,,,,
19002,book/book chapter,Photo-atlas of living Dasycladales,2006,Berger,"Carnets de Geologie, e-book",English,,Germany,,,,,,,,
59278,journal article,Tetracentron fruits from the Miocene of Western North America,2006,Manchester,International Journal of Plant Sciences,English,,USA,,,,,,,,
77546,journal article,"Taxonomy of order Latentifistularia (Radiolaria) from the latest Permian in southern Guangxi, China",2006,Feng,Journal of Paleontology,English,10.1666/0022-3360(2006)80[826:toolrf]2.0.co;2,China,,,,,,,,
34841,journal article,Solenostelopteris skogiae sp. nov. from the Lower Cretaceous of Vancouver Island [Canada],2006,Little,Journal of Plant Research,English,,Canada,USA,,,,,,,
42028,journal article,"Early Late Permian (Wuchiapingian) foraminifers in the Tatsuno area, Hyogo - Late Paleozoic and Early mesozoic foraminifers of Hyogo, Japan, part 4",2006,Kobayashi,Nature and Human Activities,English,,Japan,,,,,,,,
42035,journal article,"Latest Permian (Changhsingian) foraminifers in the Mikata area, Hyogo - Late Paleozoic and early Mesozoic foraminifers of Hyogo, Japan, Part 3",2006,Kobayashi,Nature and Human Activities,English,,Japan,,,,,,,,
42036,journal article,"Late Middle Permian (Capitanian) foraminifers in the Miharaiyama area, Hyogo - Late Paleozoic and early Mesozoic foraminifers of Hyogo, Japan, Part 2",2006,Kobayashi,Nature and Human Activities,English,,Japan,,,,,,,,
42149,serial monograph,"Pennsylvanian-Permian Fusulinaceans of the Big Hatchet Mountains, New Mexico",2006,Wilde,New Mexico Museum of Natural History and Science Bulletin,English,,USA,,,,,,,,
41962,journal article,"Middle Permian foraminifers of the Izuru and Nabeyama Formations in the Kuzu area, Tochigi Prefecture, Japan Part 2. Schubertellid and ozawainellid fusulinoideans, and non-fusulinoidean foraminifers",2006,Kobayashi,Paleontological Research,English,,Japan,,,,,,,,
42139,journal article,"Middle Permian foraminifer of Kaize, southern part of Saku Basin, Nagano prefecture, central Japan",2006,Kobayashi,Paleontological Research,English,,Japan,,,,,,,,
3614,journal article,"Middle Eocene terrestrial palynomorphs from the Dolime minerals and Gulf Hammock Quarries, Florida, U.S.A.",2006,Jarzen,Palynology,English,10.2113/gspalynol.30.1.89,USA,,,,,,,,
59184,journal article,"Palynostratigraphy of the Dubrajpur Formation (Early Triassic to Early Cretaceous) of th Rajmahal Basin, India",2006,Tripathi,Palynology,English,10.2113/gspalynol.30.1.133,India,,,,,,,,
47990,journal article,Las primeras angiospermas en el Cretácico de la Cuenca Neuquina (Centro Oeste de Argentina): Aspectos geológicos relacionados,2006,Vallati,Revista Brasileira de Paleontologia,Spanish,10.4072/rbp.2006.1.09,Argentina,,,,,,,,
41888,journal article,"Middle Permian fusulinoideans from Hatahoko in the Nyukawa area, Gifu Prefecture, Mino Belt, central Japan",2006,Ueno,"Science Reports, Niigata University (Geology)",English,,Japan,,,,,,,,
39404,book/book chapter,Taxonomy and biogeography of seagrasses,2006,den Hartog,"Seagrasses: Biology, Ecology and Conservation",English,,The Netherlands,Australia,,,,,,,
42039,journal article,"Taxonomic names, in Gzhelian fusulinids first discovered in central Iran",2006,Leven,Stratigraphy and Geological Correlation,English,,Russia,Iran,,,,,,,
76276,journal article,"Non-geniculate coralline algae from the Uttatur Group (Early Cretaceous), south India",2006,Misra,The Palaeobotanist,English,,India,,,,,,,,
55171,book/book chapter,"Aspectos Paleoecológicos y Paleoambientales del Bosque Petrificado Ameghino (Daniano), Chubut, Argentina",2007,Brea,4th European Meeting on the Palaeontology and Stratigraphy of Latin America. Cuadernos del Museo Geominero,Spanish,ISBN 978-84-7840-707-1,Argentina,,,,,,,,
69075,journal article,"Hirmeriella muensteri (Schenk) Jung from Odrowąż (Poland), with female and male cones, and in situ Classopollis pollen grains",2007,Barbacka,Acta Palaeobotanica,English,,Hungary,Poland,,,,,,,
25284,serial monograph,Die Fauna des marinen Miozäns von Kevelaer (Niederrhein). Band 4 Gastropoda ab Mitridae,2007,Wienrich,Backhuys Publishers BV Leiden,German,,Germany,,,,,,,,
26060,journal article,"First Emilian record of the boreal-affinity bivalve Portlandia impressa Perri, 1975 from Montefiore dell'Aso (Marche, Italy)",2007,Ragaini,Bollettino della Societá Italiana,English,,Italy,,,,,,,,
27173,journal article,"Characteristic Nassellaria of the lower Tuvalian (Upper Triassic) Spongotortilispinus moixi Zone of the Huglu Unit in the Mersin Mélange,\r\nsoutheastern Turkey",2007,Kozur,Bulletin de la Société Vaudoise des Sciences Naturelles / SVSN,English,,Hungary,Switzerland,,,,,,,
75698,journal article,"The Khuff Formation (Middle East) and time-equivalents in Turkey and South China: biostratigraphy from Capitanian to Changhsingian times (Permian), new foraminiferal taxa, and palaeogeographical implications",2007,Gaillot,Coloquios de Paleontología,English,,France,,,,,,,,
62018,journal article,"Fine structures of Stephanodiscus excentricus Hust. and S. niagarae Ehrenb. from Terrebonne diatomite, Oregon, USA",2007,Tanaka,Diatom,English,,Japan,,,,,,,,
42046,serial monograph,"The Pennsylvanian-Early Permian Bird Spring carbonate shelf, southeastern California: fusulinid biostratigraphy, paleogeographic evolution, and tectonic implications",2007,Stevens,Geological Society of America Special Paper,English,,USA,,,,,,,,
87936,journal article,"Late Tremadocian radiolarian faunas and biostratigraphy of the Cow Head Group, Western Newfoundland, Canada",2007,Won,Journal of the Korean Earth Science Society,English,10.5467/JKESS.2007.28.4.497,South Korea,Canada,USA,,,,,,
33381,journal article,"Plesiosaurs from the Upper Cretaceous (Cenomanian-Turonian) Tropic Shale of southern Utah, part 2: Polycotylidae",2007,Albright,Journal of Vertebrate Paleontology,English,10.1671/0272-4634(2007)27[41:pftucc]2.0.co;2,USA,,,,,,,,
33387,journal article,"Plesiosaurs from the Upper Cretaceous (Cenomanian-Turonian) Tropic Shale of southern Utah, part 2: Polycotylidae; replacement names for the preoccupied genus Palmula and the subfamily Palmulainae",2007,Albright,Journal of Vertebrate Paleontology,English,,,,,,,,,,
73149,journal article,"Late Middle Permian (Capitanian) foraminifers in the Mikata area, Hyogo, with special reference to plasticity deformation of their test and their paleobiogeographic affinity with South China - Late Paleozoic and Early Mesozoic foraminifers of Hyogo, Japan, Part 5",2007,Kobayashi,Nature and Human Activities,English,,Japan,,,,,,,,
41753,journal article,"Permian fusulinid fauna of peri-Gondwanan affinity from the Kalmard region, east-central Iran and its significance for tectonics and paleogeography",2007,Davydov,Palaeontologia Electronica,English,,USA,Russia,,,,,,,
48201,journal article,"Early Cretaceous riparian vegetation in Patagonia, Argentina",2007,Cladera,Revista del Museo Argentino de Ciencias Naturales,English,10.22179/revmacn.9.364,,,,,,,,,
55682,journal article,"Early Cretaceous (Aptian–Albian) palynology of the Kabrit-1 borehole, onshore Northern Gulf of Suez, Egypt",2007,Mahmoud,Revista Española de Micropaleontología,English,,Egypt,UK,,,,,,,
56217,journal article,"Late Cretaceous spores, pollen and dinoflagellates from two boreholes (Nuqra-1 and 3) in the Aswan area, southeast Egypt",2007,Mahmoud,Revue de Paléobiologie,English,,,,,,,,,,
55655,journal article,"Creataceous palynology (spores, pollen and dinoflagellate cysts) of the Siqeifa 1-X borehole, Northern Egypt",2007,Mahmoud,Rivista Italiana di Paleontologia e Stratigrafia,English,,Egypt,UK,,,,,,,
77979,journal article,Neogoniolithon contii comb. nov. based on the taxonomic re-assessment of Mastrorilli's original collections from the Oligocene of NW Italy (Tertiary Piedmont Basin),2007,Quaranta,Rivista Italiana di Paleontologia e Stratigrafia,English,,Italy,,,,,,,,
41825,journal article,"Description of species, in Fusuline foraminifera from the basal part of the Sakamotozawa Formation, south Kitakami belt, northeast Japan",2007,Ueno,"Science Reports, Niigata University (Geology)",English,,Japan,,,,,,,,
48170,journal article,"Nuevos registros para la flora cretácica descripta por Halle (1913) en lago San Martín, Santa Cruz, Argentina",2007,Passalia,,Spanish,,Argentina,,,,,,,,
25851,journal article,Pleistocene Radiolaria from the Antarctic Continental Margin: Distribution and Biostratigraphy,2007,Sharma,,English,,India,Japan,,,,,,,
48148,journal article,"Estudio palinológico de la Formación Punta del Barco, Cretácico Inferior (Aptiano) de la provincia de Santa Cruz, Argentina: Descripciones sistemáticas II: esporas triletes apiculadas, murornadas, tricrasadas y perinadas. Implicancias paleoecológicas",2008,Llorens,Ameghiniana,English,,Argentina,,,,,,,,
28473,journal article,"Fasciculate rugose corals from Gzhelian and lower Permian strata, Pequop Mountains, northeast Nevada",2008,Stevens,Journal of Paleontology,English,10.1017/s0022336000055396,USA,,,,,,,,
60830,journal article,The first evidence of dinosaur tracks in the Upper Cretaceous of Poland,2008,Gierlinski,Oryctos,English,,Poland,,,,,,,,
48004,journal article,"Aptian Angiosperm Pollen from the Ticó Flora Patagonia, Argentina",2008,Archangelsky,Revista del Museo Argentino de Ciencias Naturales,English,,Argentina,,,,,,,,
77867,journal article,Revision and re-documentation of M. Airoldi's species of Lithophyllum from the Tertiary Piedmont Basin,2008,Vannucci,Rivista Italaliana di Paleontologia e Stratigrafia,English,,Italy,,,,,,,,
36750,journal article,"Fusulinoidean Faunas from the Upper Carboniferous and Lower Permian Platform Limestone in the Hadim Area, Central Taurides, Turkey",2008,Kobayashi,Rivista Italiana di Paleontologia e Stratigrafia,English,,Japan,Turkey,,,,,,,
78400,journal article,Angiospermous fossil leaves from the Siwalik foreland basins and their palaeoclimatic implications,2008,Prasad,The Palaeobotanist,English,,India,,,,,,,,
77931,journal article,Algological biostragraphy of some early Miocene sediments of the Northeastern desert (Egypt),2008,Hamad,Альгология,Russian,,Egypt,,,,,,,,
30598,journal article,The Middle Ordovician Proventocitum procerulum radiolarian assemnblage of Spitsbergen and its biostratigraphic correlation,2008,Maletz,,English,,USA,Norway,,,,,,,
52945,book,Paleobotany: The Biology and Evolution of Fossil Plants,2008,Taylor,,English,,,,,,,,,,
48166,journal article,"Palinología de la Formación Kachaike, Cretácico Inferior de la Cuenca Austral, provincia de Santa Cruz: Granos de polen de Gimnospermas.",2009,Archangelsky,Ameghiniana,Spanish,,Argentina,,,,,,,,
88513,journal article,"Palmoxylon enochii sp. nov. de la Formación Olmos (Campaniano superior-Maastrichtiano inferior), Coahuila, México",2009,Estrada-Ruiz,Ameghiniana,English,,Mexico,,,,,,,,
42116,journal article,Systematics and biostratigraphic notes of the upper Moscovian-upper Gzhelian fusulinid foraminifers from the Anatolian Platform in the Southern Turkey,2009,Okuyucu,Geologica Balcanica,English,10.52321/geolbalc.38.1-3.35,Turkey,,,,,,,,
45332,journal article,"Czekanowskia from the Jurassic of Inner Mongolia, China",2009,Sun,International Journal of Plant Sciences,English,,China,USA,,,,,,,
44171,journal article,"Geniculate Coralline Algae from the Neogene-Quaternary sediments in and around Porbandar, Southwest Coast of India",2009,Kundal,Journal geological society of India,English,,India,,,,,,,,
47642,journal article,"Rhodophycean Algae from the Lower Cretaceous of the Cauvery Basin, South India",2009,Misra,Journal geological society of India,English,,India,,,,,,,,
47438,journal article,"Lower Jurassic carbonate succession between Predole and Mlačevo, Central Slovenia",2009,Dozet,Materials and Geoenvironment,English,,Slovenia,,,,,,,,
87938,journal article,Radiolarian studies by Christian Gottfried Ehrenberg (1795–1876) and value of his species as type species of genera,2009,Suzuki,National Museum of Nature and Science Monographs,English,,Japan,,,,,,,,
43480,book/book chapter,,2009,Taylor,"Paleobotany: The Biology and Evolution of Fossil Plants, 2nd edition",English,,,,,,,,,,
56475,journal article,An Early Cretaceous (Hauterivian) Spore–Pollen Assemblage from Southern Chile,2009,Cranwell,Palynology,English,10.2113/gspalynol.33.1.241,USA,,,,,,,,
49947,journal article,"Foraminiferal turnover across the Paleocene/Eocene boundary at the Zumaya section, Spain: record of a bathyal gradual mass extinction",2009,Zili,Revista Mexicana de Ciencias Geológicas,English,,Tunisia,Spain,,,,,,,
77613,journal article,"Coralline algae from the Maniyara Fort Formation (lower Oligocene) of Kachchh, Gujarat, India",2009,Singh,"Revue de Paleobiologie, Geneve",English,,India,,,,,,,,
77854,journal article,"Non-geniculate coralline algae (Corallinales, Rhodophyta) from the Lower Oligocene of Poljsica Pri Podnartu (Northern Slovenia)",2009,Gale,Rivista Italiano di Paleontologia e Stratigrafia,English,,Slovenia,,,,,,,,
65996,journal article,"Fusuline foraminifera from the upper part of the Sakamotozawa Formation, South Kitakami Belt, northeast Japan",2009,Ueno,"Science Reports, Niigata University (Geology)",English,,Japan,,,,,,,,
42242,journal article,"Taxonomic names, in Section of Permian deposits and fusulinids in the Halvan Mountains, Yazd Province, central Iran",2009,Leven,Stratigraphy and Geological Correlation,English,,Russia,Iran,,,,,,,
80951,journal article,"Notes on elements of the Oligocene flora from the Makum Coalfield, Assam, India",2009,Mehrotra,The Palaeobotanist,English,,India,USA,,,,,,,
74311,journal article,"Middle Eocene calcareous algae from the southwestern Kachchh, Gujarat",2010,Singh,Journal Geological Society of India,English,,India,,,,,,,,
42537,journal article,"Mid-Late Devonian calcified marine algae and cyanobacteria, south China",2010,Feng,Journal of Paleontology,English,10.1017/s0022336000058340,China,USA,,,,,,,
57559,journal article,"Early Pliocene - Holocene Favia from the northern and northwestern coastal areas of Saurashtra Peninsula, western India",2010,Pandey,Journal of the Palaeontological Society of India,English,,India,,,,,,,,
50201,journal article,Lycophytes from the Middle Triassic (Anisian) Locality Kühwiesenkopf (Monte Prà Della Vacca) in the Dolomites,2010,Kustatscher,Palaeontology,English,,Italy,The Netherlands,,,,,,,
77849,journal article,Revision and Re-documentation of M. Airoldi's species of Lithothamnion from the Tertiary Piedmont Basin (NW Italy),2010,Vannucci,Rivista Italiana di Paleontologia e Stratigrafia,English,,Italy,,,,,,,,
48265,Ph.D. thesis,"Estudios anatómicos en paleofloras del Aptiano de Antártida y Patagonia, y su comparación",2010,Vera,Universidad de Buenos Aires. Facultad de Ciencias Exactas y Naturales,Spanish,,Argentina,,,,,,,,
48096,Ph.D. thesis,Palinología del entorno cretácico/paleógeno del SO de la provincia de Santa Cruz: significado estratigráfico y paleoambiental,2010,Povilauskas,Universidad Nacional de La Plata. Facultad de Ciencias Naturales y Museo de La Plata,Spanish,,Argentina,,,,,,,,
59226,journal article,Inflorescences and flowers of Sahnipushpam Shukla from the Deccan Intertrappean beds of India,2011,Kapgate,Acta Palaeobotanica,English,,India,USA,,,,,,,
44219,journal article,"Taxonomic assessment of coralline algal species (Rhodophyta; Corallinales and Sporolithales) described by Pfender, Lemoine, and Miranda from northern Spain type localities",2011,Aguirre,Annalen des Naturhistorischen Museums in Wien,English,,Spain,Italy,,,,,,,
55229,journal article,Miocene Astelia (Asparagales: Asteliaceae) macrofossils from southern New Zealand,2011,Maciunas,Australian Systematic Botany,English,1030-1887/11/010019,Australia,New Zealand,,,,,,,
42027,journal article,"Middle Permian (Wordian) foraminifers of the Furen Limestone, Oita Prefecture, Japan",2011,Kobayashi,Humans and Nature,English,,Japan,,,,,,,,
54760,journal article,Ptilophyllum muelleri (Ettingsh.) comb. nov. from the Oligocene of Australia: Last of the Bennettitales?,2011,McLoughlin,International Journal of Plant Sciences,English,,Sweden,Australia,,,,,,,
74730,journal article,Generic distinguishing characteristics and Stratigraphic ranges of fossil Corallines: an update,2011,Kundal,Journal Geological Society of India,English,,India,,,,,,,,
74061,journal article,"Coralline algae from the Prang Formation (middle-late Eocene) of the Lumshnong area, Jaintia Hills, Meghalaya",2011,Misra,Journal Geological Society of India,English,,India,,,,,,,,
72992,journal article,Planktic foraminiferal species turnover across deep-sea Aptian/Albian boundary sections,2011,Huber,Journal of Foraminiferal Research ,English,10.2113/gsjfr.41.1.53,USA,,,,,,,,
42029,journal article,Permian fusuline faunas and biostratigraphy of the Akasaka Limestone (Japan),2011,Kobayashi,"Revue de Paléobiologie, Genève",English,,Japan,,,,,,,,
50684,journal article,"Geological Evolution of the Ulukışla Basin (Late Cretaceous - Eocene) Central Anatolia, Turkey",2011,Zorlu,Yerbilimleri,English,,Turkey,,,,,,,,
49972,book,Im Reich der Meerengel. Der Nusplinger Plattenkalk und seine Fossilien,2011,Dietl,,German,,Germany,,,,,,,,
45274,serial monograph,"Fossil Fruits and Seeds of the Middle Eocene Messel biota, Germany",2012,Collinson,Abhandlungen der Senckenbergischen Gesellschaft Naturforschenden,English,,,,,,,,,,
47174,journal article,"Devínska Kobyla- a window into the Middle Miocene shallow-water marine environments of the Central Paratethys (Vienna Basin, Slovakia)",2012,Hyzny,Acta Geologica Slovaca,English,,Slovakia,Czech Republic,,,,,,,
54213,journal article,"Coralline Algae from the Aramda Reef Member of the Chaya Formation, Mithapur, Gujarat",2012,Kishore,Journal Geological Society of India,English,,India,,,,,,,,
55475,journal article,"Aptian – Cenomanian palynozonation and paleoecology from Horous-1 well, northern Western Desert, Egypt",2012,Baioumi,Journal of Applied Sciences Research,English,,Egypt,,,,,,,,
74246,journal article,"Paleoenvironmental implications of the non-geniculate Coralline algae from the Middle Eocene Sylhet Limestone, Bengal Basin",2012,Chaurpagar,ONGC Bulletin,English,,India,,,,,,,,
46117,journal article,Palaeobathymetric gradients across Timor during 5.7–3.3 Ma and implications for collision uplift,2012,Haig,"Palaeogeography, Palaeoclimatology, Palaeoecology",English,,Australia,,,,,,,,
78159,journal article,"Hydrolithon braganum sp. nov. (Corallinaceae, Rhodophyta), the first known\r\nexclusively fossil semi-endophytic coralline red alga",2012,Woelkerling,Phycologia,English,,Australia,Italy,Japan,,,,,,
48025,journal article,"Palinología y paleoambientes en el perfil de Bajo Comisión (Cretácico), provincia de Santa Cruz, Argentina",2012,Archangelsky,Revista del Museo Argentino de Ciencias Naturales,English,,Argentina,,,,,,,,
45888,journal article,"Proposal to conserve the name Bucklandia Brongn. against Bucklandia Sternb. and Conites (fossil Gymnospermae, Cycadeoideopsida)",2012,Doweld,Taxon,English,,Russia,,,,,,,,
45937,journal article,"Proposals to conserve the name Vertebraria Royle ex McCoy (fossil Gymnospermae, Glossopteridales) against Vertebraria Roussel (Rhodymeniophyta) and Sphenophyllum indicum (V. indica) against V. australis and Clasteria australis",2012,Doweld,Taxon,English,,Russia,,,,,,,,
86131,M.S. thesis,Sistemática y paleoecología de Foraminifera (Protista) y Ostracoda (Crustacea) del Cretácico Superior-Paleoceno de Argentina en ambientes marino transicionales y continentales,2012,Carignano,,Spanish,,Argentina,,,,,,,,
69747,journal article,"Report of a Pandanaceous Fructification From the Deccan Intertrappean Beds of Mahurzari, Nagpur \r\n",2012,Sangrame,,English,,India,,,,,,,,
49130,journal article,Artinskian (Early Permian) fusuline fauna from the Rongma area in northern Tibet: palaeoclimatic and palaeobiogeographic implications,2013,Zhang,Alcheringa,English,,Australia,China,,,,,,,
47985,journal article,"Paleotropical pollen grains from the Neuquén Group, Patagonia, Argentina",2013,Vallati,Carnets de Géologie,English,,Argentina,,,,,,,,
55901,journal article,"Biostratigraphy and paleoenvironment of deposition of Bima and Gongila Formations in M-1 Well, Bornu Basin, Northeastern Nigeria",2013,Ola-Buraimo,International Journal of Scientific & Technology Reasearch,English,,Nigeria,,,,,,,,
53391,journal article,"Palynostratigraphy and Age of the Sequence Penetrated by the Kolmani River 1 Well in the Gongola Basin, Northern Benue Trough, Nigeria",2013,Nwojiji,Journal of Geosciences and Geomatics,English,10.12691/jgg-1-1-3,,,,,,,,,
74237,journal article,Coralline algae from the Bassein Formation (middle to late Eocene) of Mumbai offshore basin and its paleo environmental significance,2013,Kundal,ONGC Bulletin,English,,India,,,,,,,,
66622,journal article,"Regnellidium (Salviniales, Marsileaceae) macrofossils and associated spores from the Late Cretaceous of South America",2013,Cúneo,PloSOne,English,,Argentina,USA,,,,,,,
82244,journal article,"Paleoenvironmental model for Early Eocene larger benthic foraminiferal\r\ndeposits from south Birjand region, east Iran",2013,Babazadeh,Revue de Paleobiologie,English,,Iran,,,,,,,,
81044,journal article,"Mississippian-like rugose corals from a Bashkirian biostrome in the Tindouf Basin, S. Morocco",2013,Rodriguez,Spanish Journal of Palaeontology,English,10.7203/sjp.28.2.17858,Spain,Ireland,Morocco,,,,,,
47232,journal article,"(2152–2174) Proposals to conserve the names Abiespollenites, Alatisporites, Apiculatasporites, Cicatricosisporites, Densosporites, Elongatosporites, Faguspollenites, Gnetaceaepollenites, Granulatisporites, Juglanspollenites, Palaeoavena, Piceaepollenites, Poacordaites, Pseudoaraucaria, Quercipollenites, Sabalpollenites, Sequoiapollenites, Setosisporites, Sparganiaceaepollenites, Tuberculatisporites, Ulmipollenites, Valvisporites, Verrucosisporites (fossil plants), all hyphenated when published, with these spellings",2013,Doweld,Taxon,English,,Russia,,,,,,,,
58376,journal article,Revisions to Roland Brown's North American Paleocene Flora,2014,Manchester,Acta Musei Nationalis Pragae,English,,USA,,,,,,,,
66522,journal article,Paleobiology and paleoecology of Palaeoaplysina and Eopalaeoaplysina new genus in Arctic Canada,2014,Anderson,Journal of Paleontology,English,,Canada,,,,,,,,
50781,book chapter,Radiolarians,2014,Takahashi,Olenekian (Early Triassic) stratigraphy and fossil assemblages in northeastern Vietnam. National Museum of Nature and Science Monographs,English,,,,,,,,,,
58374,journal article,"Middle Eocene trees of the Clarno Petrified Forest, John Day Fossil Beds National Monument, Oregon",2014,Wheeler,PaleoBios,English,10.5070/p9303022471,USA,,,,,,,,
55498,book,"Cretaceous (Albian–?early Santonian) palynology and stratigraphy of the Abu Tunis 1x borehole,northern Western Desert, Egypt",2014,Deaf,Palynology,English,,Egypt,UK,,,,,,,
56172,journal article,"Caracterizacao palinofloristica e paleoambiental da Farmacao Santana (Cretaceo Inferior), Poco 4-BO-1-PE, Bacia do Araripe, Nordeste do Brasil",2014,Antunes Portela,Rev. bras. paleontol,Portugese,,Brazil,,,,,,,,
77668,journal article,Miocene calcareous algae from India: retrospect and prospect,2014,Kundal,Special publication of the Palaeontological Society of India,English,,India,,,,,,,,
65715,journal article,Fossil wood of Dipterocarpus from Nagri Formation (Middle Siwalik) of India: palaeoclimatic and phytogeographical significance,2014,Srivastava,,English,,India,,,,,,,,
53749,journal article,"Radiolarians, in Conodonts, radiolarians and ostracodes in the Permian E-Lert Formation, Loei Fold Belt, Indochina Terrane, Thailand",2015,Thassanapak,Geological Magazine,English,,Thailand,Australia,,,,,,,
67985,journal article,A new marattiaceous fern from the Lower Jurassic of Patagonia (Argentina): the renaissance of Marattiopsis,2015,Escapa,Journal of Systematic Palaeontology ,English,,Argentina,USA,,,,,,,
77953,journal article,"Coralline algae from the Neill West Coast Formation (Pleistocene), Neil Island, South Andaman, India",2015,Kishore,Journal of the Palaeontological Society of India,English,,India,,,,,,,,
83278,journal article,Evolution of Eofusulininae and their role in Middle Carboniferous stratigraphy of the Urals,2015,Ivanova,Lithosphere,Russian,,Russia,,,,,,,,
55830,journal article,A higher level classification of all living organisms,2015,Ruggiero,PLoS One,English,10.1371/journal. pone.0119248,USA,New Zealand,Philippines,France,UK,Ireland,,,
67364,book,Type and reference sections of the Middle and Upper Permian of the Volga and Kama River Regions: A Field Guidebook of XVIII International Congress on Carboniferous and Permian,2015,Nurgaliev,,English,,Russia,,,,,,,,
78046,journal article,"New record of coralline algae from the Holocene sediments of Agatti Island, Lakshadweep, India",2016,Misra,Journal Geological Society of India,English,,India,,,,,,,,
69199,journal article,Surprisingly modern Latest Cretaceous - earliest Paleocene woods of India\r\n,2017,Wheeler,International Association of Wood Anatomists,English,10.1163/22941932-2017174,USA,India,The Netherlands,,,,,,
74174,journal article,A study of biostratigraphy of Sinjar Formation in selected sections from northern Iraq,2017,Al-Dulaimi,Iraqi Journal of Science,English,,Iraq,,,,,,,,
80805,journal article,"Pleistocene fossil leaflets of Albizia kalkora (Roxb.) Prain (Leguminosae subfamily Mimosoideae) from central Honshu, Japan, and its implications for historical biogeography",2017,Ito,Japanese Journal of Historical Botany,English,10.34596/hisbot.26.1_3,Japan,China, ,,,,,,
77915,journal article,"Coralline algae from the Hut Bay Formation (Middle Miocene), Little Andaman, India",2017,Kishore,Journal of the Palaeontological Society of India,English,,India,,,,,,,,
74642,journal article,Palaeocene reef complex of the Western Carpathians,2017,Bucek,Slovak Geological Magazine,English,,Slovakia,,,,,,,,
77930,journal article,Ecology of Coralline Red Algae and Their Fossil Evidences from India,2017,Sarkar,Thalassas,English,,India,,,,,,,,
42215,unpublished,"Benthic foraminifers of saint Félix (le Gosier, Guadeloupe)",2012,Margerel,,English,,,,,,,,,,
80622,journal article,"Middle Miocene flora from Siwalik foreland basin of Uttarakhand, India and its phytogeographic and palaeoclimatic implications",2017,Prasad,The Palaeobotanist,English,,India,,,,,,,,
77826,M.S. thesis,Miocenski biolititi istočnog dijela Medvednice,2017,Tripalo,,English,,Croatia,,,,,,,,
34827,unpublished,Unpublished taxonomic opinions,2011,Jud,,English,,,,,,,,,,
30388,unpublished,Taxonomic vetting of messy data in the Paleobiology Database,2009,Kiessling,,English,,,,,,,,,,
65994,journal article,"Revised conodont and fusuline biostratigraphy of the Bamchi Formation (Pyongan Supergroup) at the Bamchi section, Yeongwol and the Carboniferous-Permian boundary in South Korea",2018,Wang,Alcheringa,English,,China,South Korea,,,,,,,
80950,journal article,"Leaf impressions of Terminalia (Combretaceae) and Daphnogene (Lauraceae) from the Middle Siwalik of the Chatara-Barahakshetra area, eastern Nepal",2018,Adhikari,"Bulletin of the Department of Geology, Tribhuvan University",English,10.3126/bdg.v20i0.20719,Nepal,India,Germany,,,,,,
80619,journal article,Fossil Leaf Impressions from Siwalik Bed of Bhutan,2018,Srivastava,Iconic Research and Engineering Journals,English,,India,,,,,,,,
66908,journal article,"The temnospondyl Parotosuchus nasutus (v. Meyer, 1858) from the Early Triassic Middle Buntsandstein of Germany",2018,Schoch,Palaeodiversity,English,10.18476/pale.11.a6,Germany,,,,,,,,
18334,unpublished,Compendium of calcimicrobes,2006,Kiessling,,English,,,,,,,,,,
12820,unpublished,Unpublished radiolarian data and taxonomic expertise,2005,Kiessling,,German,,,,,,,,,,
9940,unpublished,Ecology opinions,2004,Kiessling,,,,,,,,,,,,
9159,unpublished,Personal data,2003,Kiessling,,English,,,,,,,,,,
80621,journal article,Leaf impressions of Calophyllum siwalicus and Kayea miofloribunda (Clusiaceae) from the Siwalik Bed of Bhutan,2019,Srivastava,Iconic Research and Engineering Journals,English,,India,,,,,,,,
80620,journal article,Leaf impressions of Michelia Butanensis (Magnoliaceae) and Gyocardia Mio-Odorata(Flacourtiaceae) from the Siwalik Bed of Bhutan,2019,Srivastava,Iconic Research and Engineering Journals,English,,India,,,,,,,,
68533,journal article,"Lower Oligocene coralline algae of the Uromieh section (Qom Formation, NW Iran) and the oldest record of Titanoderma pustulatum (Corallinophycidae, Rhodophyta)",2019,Basso,Rivista Italiana di Paleontologia e Stratigrafia,English,,Italy,Iran,,,,,,,
78267,journal article,"Chamberlainium pentagonum (Conti) comb. nov. and Spongites fruticulosus (Corallinales, Rhodophyta) in the Miocene carbonates of the western Mediterranean",2020,Coletti,Carents Geol,English,,Italy,Slovakia,,,,,,,
85198,journal article,Leroyi: A new Tethyan lagenid benthic foraminiferal genus,2020,Anan,Earth Sciences Pakistan,English,10.26480/esp.02.2020.60.64,Palestine,,,,,,,,
72895,journal article,"Late Neogene and Quaternary diversity and taxonomy of subtropical to temperate planktic foraminifera across the Kuroshio Current Extension, northwest Pacific Ocean",2020,Lam,Micropalaeontology,English,10.47894/mpal.66.3.01,USA,,,,,,,,
75505,journal article,"Taxonomic names, in The Khasurty fossil insect Lagerstätte",2020,Mamontov,Paleontological Journal,English,,Russia,UK,Poland,Denmark,,,,,
88435,journal article,"Palynoflora from the La Anita Formation (Maastrichtian), Austral-Magallanes Basin, Argentina",2020,Santamarina,Revista del Museo Argentino de Ciencias Naturales,English,http://dx.doi.org/10.22179/REVMACN.22.664,Argentina,,,,,,,,
81956,journal article,"Codium-like taxa from the Silurian of North America: morphology, taxonomy, paleoecology, and phylogenetic affinity",2021,LoDuca,Journal of Paleontology,English,,USA,Canada,,,,,,,
85994,M.S. thesis,"Foraminíferos paleocenos del pozo YPF-CH-LCOL-ES-1 (Las Coloradas), Cuenca de Cañadón Asfalto: sistemática y aspectos paleoecológicos",2022,Missotti,,Spanish,,Argentina,,,,,,,,